dataset,d_prime,step,evr,evr_pca
mnist784,10,20,0.47938185826929486,0.48915557457567155
mnist784,10,40,0.48096305370238923,0.48915557457567155
mnist784,10,60,0.4797683355568756,0.48915557457567155
mnist784,10,80,0.479388558452836,0.48915557457567155
mnist784,10,100,0.4811492202348422,0.48915557457567155
mnist784,10,120,0.479671176833441,0.48915557457567155
mnist784,10,140,0.4804086761767862,0.48915557457567155
mnist784,10,160,0.4795244718230176,0.48915557457567155
mnist784,10,180,0.47922911554328934,0.48915557457567155
mnist784,10,200,0.4800122540619364,0.48915557457567155
mnist784,10,220,0.4800596598945067,0.48915557457567155
mnist784,10,240,0.48067202056003333,0.48915557457567155
mnist784,10,260,0.47986573042102515,0.48915557457567155
mnist784,10,280,0.479960111372158,0.48915557457567155
mnist784,10,300,0.4812141833232057,0.48915557457567155
mnist784,10,320,0.481241978333157,0.48915557457567155
mnist784,10,340,0.4800117639895495,0.48915557457567155
mnist784,10,360,0.48113913415407145,0.48915557457567155
mnist784,10,380,0.4806263023524859,0.48915557457567155
mnist784,10,400,0.4808010600743612,0.48915557457567155
mnist784,10,420,0.47985711790426594,0.48915557457567155
mnist784,10,440,0.48086624440863207,0.48915557457567155
mnist784,10,460,0.4797680890358317,0.48915557457567155
mnist784,10,480,0.4792117160900132,0.48915557457567155
mnist784,10,500,0.480925174026462,0.48915557457567155
mnist784,10,520,0.4803861777430385,0.48915557457567155
mnist784,10,540,0.48115858779235804,0.48915557457567155
mnist784,10,560,0.4798757592129633,0.48915557457567155
mnist784,10,580,0.4807421337986883,0.48915557457567155
mnist784,10,600,0.48074154114872575,0.48915557457567155
mnist784,10,620,0.4812146633644222,0.48915557457567155
mnist784,10,640,0.4794845582871819,0.48915557457567155
mnist784,10,660,0.4798222776041033,0.48915557457567155
mnist784,10,680,0.4805187813830085,0.48915557457567155
mnist784,10,700,0.48085645748050254,0.48915557457567155
mnist784,10,720,0.4800144990490542,0.48915557457567155
mnist784,10,740,0.4805881371722789,0.48915557457567155
mnist784,10,760,0.48019607891107663,0.48915557457567155
mnist784,10,780,0.4796757389079001,0.48915557457567155
mnist784,10,800,0.4795515167712388,0.48915557457567155
mnist784,10,820,0.48125477703836705,0.48915557457567155
mnist784,10,840,0.4794593540930299,0.48915557457567155
mnist784,10,860,0.4799535699895061,0.48915557457567155
mnist784,10,880,0.4798751235280709,0.48915557457567155
mnist784,10,900,0.4809414394882693,0.48915557457567155
mnist784,10,920,0.47948997627599677,0.48915557457567155
mnist784,10,940,0.4805373764998207,0.48915557457567155
mnist784,10,960,0.47972177317396375,0.48915557457567155
mnist784,10,980,0.4803223698307822,0.48915557457567155
mnist784,10,1000,0.48098699748326323,0.48915557457567155
mnist784,10,1020,0.48151974278386617,0.48915557457567155
mnist784,10,1040,0.4794666517192262,0.48915557457567155
mnist784,10,1060,0.4796523905570406,0.48915557457567155
mnist784,10,1080,0.47965548972143507,0.48915557457567155
mnist784,10,1100,0.4795807735420649,0.48915557457567155
mnist784,10,1120,0.4812357400643423,0.48915557457567155
mnist784,10,1140,0.4808577976523481,0.48915557457567155
mnist784,10,1160,0.48059194780812764,0.48915557457567155
mnist784,10,1180,0.4800774115367222,0.48915557457567155
mnist784,10,1200,0.4806885546771955,0.48915557457567155
mnist784,10,1220,0.480319913621399,0.48915557457567155
mnist784,10,1240,0.48027927922120284,0.48915557457567155
mnist784,10,1260,0.4807004229455916,0.48915557457567155
mnist784,10,1280,0.4805919455254154,0.48915557457567155
mnist784,10,1300,0.4806847243595667,0.48915557457567155
mnist784,10,1320,0.4811593581319686,0.48915557457567155
mnist784,10,1340,0.479751958943585,0.48915557457567155
mnist784,10,1360,0.4803666166339317,0.48915557457567155
mnist784,10,1380,0.4799279468086104,0.48915557457567155
mnist784,10,1400,0.47940277834721473,0.48915557457567155
mnist784,10,1420,0.4802794839000268,0.48915557457567155
mnist784,10,1440,0.4807888459214208,0.48915557457567155
mnist784,10,1460,0.47982854772258793,0.48915557457567155
mnist784,10,1480,0.4795867083215762,0.48915557457567155
mnist784,10,1500,0.48112394829485045,0.48915557457567155
mnist784,10,1520,0.47841347726132977,0.48915557457567155
mnist784,10,1540,0.4804769176096555,0.48915557457567155
mnist784,10,1560,0.4810327129466448,0.48915557457567155
mnist784,10,1580,0.4792223504623505,0.48915557457567155
mnist784,10,1600,0.4809054395476795,0.48915557457567155
mnist784,10,1620,0.4804885609355215,0.48915557457567155
mnist784,10,1640,0.4806807845008576,0.48915557457567155
mnist784,10,1660,0.4793076817232285,0.48915557457567155
mnist784,10,1680,0.4799015235506514,0.48915557457567155
mnist784,10,1700,0.48033653501974977,0.48915557457567155
mnist784,10,1720,0.480887884984448,0.48915557457567155
mnist784,10,1740,0.48045838612214403,0.48915557457567155
mnist784,10,1760,0.4803357027344738,0.48915557457567155
mnist784,10,1780,0.47978400503642565,0.48915557457567155
mnist784,10,1800,0.4807953654979121,0.48915557457567155
mnist784,10,1820,0.4805000041414453,0.48915557457567155
mnist784,10,1840,0.4801041683026275,0.48915557457567155
mnist784,10,1860,0.48013943162945744,0.48915557457567155
mnist784,10,1880,0.4805522454721667,0.48915557457567155
mnist784,10,1900,0.48050968449932513,0.48915557457567155
mnist784,10,1920,0.4780119376228474,0.48915557457567155
mnist784,10,1940,0.48088592327831475,0.48915557457567155
mnist784,10,1960,0.4789895390797467,0.48915557457567155
mnist784,10,1980,0.47916141385118105,0.48915557457567155
mnist784,10,2000,0.4813432274752994,0.48915557457567155
mnist784,10,2020,0.48149520555854053,0.48915557457567155
mnist784,10,2040,0.4795963244649041,0.48915557457567155
mnist784,10,2060,0.4804974300635397,0.48915557457567155
mnist784,10,2080,0.47922529722053236,0.48915557457567155
mnist784,10,2100,0.48011216257049033,0.48915557457567155
mnist784,10,2120,0.47998268512690734,0.48915557457567155
mnist784,10,2140,0.4801787951301381,0.48915557457567155
mnist784,10,2160,0.4808159867352237,0.48915557457567155
mnist784,10,2180,0.48114801910782234,0.48915557457567155
mnist784,10,2200,0.4809957687316765,0.48915557457567155
mnist784,10,2220,0.4802436219001628,0.48915557457567155
mnist784,10,2240,0.4794880841569107,0.48915557457567155
mnist784,10,2260,0.47946615741480814,0.48915557457567155
mnist784,10,2280,0.4807984637240726,0.48915557457567155
mnist784,10,2300,0.48006556789645405,0.48915557457567155
mnist784,10,2320,0.47968289695438043,0.48915557457567155
mnist784,10,2340,0.4811198405285063,0.48915557457567155
mnist784,10,2360,0.48045806771269495,0.48915557457567155
mnist784,10,2380,0.4805084676642662,0.48915557457567155
mnist784,10,2400,0.4806013871437184,0.48915557457567155
mnist784,10,2420,0.480042864757669,0.48915557457567155
mnist784,10,2440,0.4798170444154473,0.48915557457567155
mnist784,10,2460,0.4811552600524646,0.48915557457567155
mnist784,10,2480,0.48022858232997556,0.48915557457567155
mnist784,10,2500,0.47992939167222837,0.48915557457567155
mnist784,10,2520,0.4802825917042755,0.48915557457567155
mnist784,10,2540,0.48043356749074706,0.48915557457567155
mnist784,10,2560,0.47986103304768074,0.48915557457567155
mnist784,10,2580,0.4803809967918914,0.48915557457567155
mnist784,10,2600,0.48098624954334385,0.48915557457567155
mnist784,10,2620,0.4801422739382136,0.48915557457567155
mnist784,10,2640,0.4806146378979434,0.48915557457567155
mnist784,10,2660,0.48039729665950887,0.48915557457567155
mnist784,10,2680,0.47987933896127166,0.48915557457567155
mnist784,10,2700,0.4805915954684208,0.48915557457567155
mnist784,10,2720,0.4803881441060739,0.48915557457567155
mnist784,10,2740,0.47072788725224696,0.48915557457567155
mnist784,50,20,0.7987697486719268,0.8253937961987818
mnist784,50,40,0.8160289256402153,0.8253937961987818
mnist784,50,60,0.8171285824247914,0.8253937961987818
mnist784,50,80,0.8177783187760939,0.8253937961987818
mnist784,50,100,0.817837726836046,0.8253937961987818
mnist784,50,120,0.8179759350035903,0.8253937961987818
mnist784,50,140,0.8184093978607665,0.8253937961987818
mnist784,50,160,0.8181944348491683,0.8253937961987818
mnist784,50,180,0.8181220872210269,0.8253937961987818
mnist784,50,200,0.8182779590385526,0.8253937961987818
mnist784,50,220,0.8178977883399188,0.8253937961987818
mnist784,50,240,0.8180683481629499,0.8253937961987818
mnist784,50,260,0.818271678544218,0.8253937961987818
mnist784,50,280,0.8177895383927366,0.8253937961987818
mnist784,50,300,0.8182859566459036,0.8253937961987818
mnist784,50,320,0.818418774865261,0.8253937961987818
mnist784,50,340,0.818112867490851,0.8253937961987818
mnist784,50,360,0.8182467262148878,0.8253937961987818
mnist784,50,380,0.8183089122817913,0.8253937961987818
mnist784,50,400,0.818166006234543,0.8253937961987818
mnist784,50,420,0.818005060850701,0.8253937961987818
mnist784,50,440,0.8182702099226431,0.8253937961987818
mnist784,50,460,0.8181189788299418,0.8253937961987818
mnist784,50,480,0.8182678773010116,0.8253937961987818
mnist784,50,500,0.8183113056458899,0.8253937961987818
mnist784,50,520,0.8182999748683909,0.8253937961987818
mnist784,50,540,0.8181768707765553,0.8253937961987818
mnist784,50,560,0.8181182871666198,0.8253937961987818
mnist784,50,580,0.8183749756581834,0.8253937961987818
mnist784,50,600,0.8185806731562569,0.8253937961987818
mnist784,50,620,0.8184079055795759,0.8253937961987818
mnist784,50,640,0.8178643102158984,0.8253937961987818
mnist784,50,660,0.8182675099693199,0.8253937961987818
mnist784,50,680,0.8182696353451934,0.8253937961987818
mnist784,50,700,0.8179163536980875,0.8253937961987818
mnist784,50,720,0.8183211967457676,0.8253937961987818
mnist784,50,740,0.8183592387962316,0.8253937961987818
mnist784,50,760,0.8181540753408416,0.8253937961987818
mnist784,50,780,0.8180828967950164,0.8253937961987818
mnist784,50,800,0.818080123148645,0.8253937961987818
mnist784,50,820,0.8184427704127037,0.8253937961987818
mnist784,50,840,0.8181519918902073,0.8253937961987818
mnist784,50,860,0.8180311360527598,0.8253937961987818
mnist784,50,880,0.8181579105998863,0.8253937961987818
mnist784,50,900,0.8182413172803434,0.8253937961987818
mnist784,50,920,0.8182613976728084,0.8253937961987818
mnist784,50,940,0.8184656454909823,0.8253937961987818
mnist784,50,960,0.8182787118217635,0.8253937961987818
mnist784,50,980,0.8182999825128368,0.8253937961987818
mnist784,50,1000,0.817891827175662,0.8253937961987818
mnist784,50,1020,0.818396917455491,0.8253937961987818
mnist784,50,1040,0.8181754302448012,0.8253937961987818
mnist784,50,1060,0.8185141687419193,0.8253937961987818
mnist784,50,1080,0.8178828965395655,0.8253937961987818
mnist784,50,1100,0.8178037610675524,0.8253937961987818
mnist784,50,1120,0.8185408229577383,0.8253937961987818
mnist784,50,1140,0.818355549631019,0.8253937961987818
mnist784,50,1160,0.8185934578421248,0.8253937961987818
mnist784,50,1180,0.8180533248481023,0.8253937961987818
mnist784,50,1200,0.8184643037868384,0.8253937961987818
mnist784,50,1220,0.8181216239995804,0.8253937961987818
mnist784,50,1240,0.8182017848075968,0.8253937961987818
mnist784,50,1260,0.818324972869432,0.8253937961987818
mnist784,50,1280,0.8181778224913855,0.8253937961987818
mnist784,50,1300,0.8182256682119093,0.8253937961987818
mnist784,50,1320,0.8181999054440015,0.8253937961987818
mnist784,50,1340,0.8182464339335086,0.8253937961987818
mnist784,50,1360,0.8181349681514898,0.8253937961987818
mnist784,50,1380,0.8179671710958721,0.8253937961987818
mnist784,50,1400,0.8183197302422203,0.8253937961987818
mnist784,50,1420,0.8183138934680536,0.8253937961987818
mnist784,50,1440,0.8183111856830881,0.8253937961987818
mnist784,50,1460,0.8180971447952304,0.8253937961987818
mnist784,50,1480,0.8179140404217655,0.8253937961987818
mnist784,50,1500,0.8181987703518243,0.8253937961987818
mnist784,50,1520,0.8179404239212446,0.8253937961987818
mnist784,50,1540,0.8180943596127824,0.8253937961987818
mnist784,50,1560,0.8184785300695121,0.8253937961987818
mnist784,50,1580,0.8178563792804576,0.8253937961987818
mnist784,50,1600,0.8180389940730713,0.8253937961987818
mnist784,50,1620,0.818473239636268,0.8253937961987818
mnist784,50,1640,0.8180080439084482,0.8253937961987818
mnist784,50,1660,0.8179933570010539,0.8253937961987818
mnist784,50,1680,0.8184118728504666,0.8253937961987818
mnist784,50,1700,0.8178399270822102,0.8253937961987818
mnist784,50,1720,0.818645600168093,0.8253937961987818
mnist784,50,1740,0.81816877991053,0.8253937961987818
mnist784,50,1760,0.8183149609933368,0.8253937961987818
mnist784,50,1780,0.8181650766926284,0.8253937961987818
mnist784,50,1800,0.8184170592054432,0.8253937961987818
mnist784,50,1820,0.8183530087187318,0.8253937961987818
mnist784,50,1840,0.8181770555557869,0.8253937961987818
mnist784,50,1860,0.8181242037753018,0.8253937961987818
mnist784,50,1880,0.8184665101656917,0.8253937961987818
mnist784,50,1900,0.8180185176704803,0.8253937961987818
mnist784,50,1920,0.8168863796618875,0.8253937961987818
mnist784,50,1940,0.8180268763284195,0.8253937961987818
mnist784,50,1960,0.8180522751843289,0.8253937961987818
mnist784,50,1980,0.8183268079830414,0.8253937961987818
mnist784,50,2000,0.8182085895736366,0.8253937961987818
mnist784,50,2020,0.8184207273647354,0.8253937961987818
mnist784,50,2040,0.817860474072381,0.8253937961987818
mnist784,50,2060,0.8181006171335738,0.8253937961987818
mnist784,50,2080,0.8183598000855995,0.8253937961987818
mnist784,50,2100,0.8180928502705046,0.8253937961987818
mnist784,50,2120,0.8181010563876374,0.8253937961987818
mnist784,50,2140,0.817902870614731,0.8253937961987818
mnist784,50,2160,0.8181651869109382,0.8253937961987818
mnist784,50,2180,0.818022810668695,0.8253937961987818
mnist784,50,2200,0.8182475682415734,0.8253937961987818
mnist784,50,2220,0.8184975916412096,0.8253937961987818
mnist784,50,2240,0.8178918846048502,0.8253937961987818
mnist784,50,2260,0.8178714809558811,0.8253937961987818
mnist784,50,2280,0.8181696701114434,0.8253937961987818
mnist784,50,2300,0.8181421556782049,0.8253937961987818
mnist784,50,2320,0.8181902545785589,0.8253937961987818
mnist784,50,2340,0.818349398424511,0.8253937961987818
mnist784,50,2360,0.8180643104369166,0.8253937961987818
mnist784,50,2380,0.8183071714591115,0.8253937961987818
mnist784,50,2400,0.8185378015374374,0.8253937961987818
mnist784,50,2420,0.8181346317404078,0.8253937961987818
mnist784,50,2440,0.8180983716087721,0.8253937961987818
mnist784,50,2460,0.8179397274489348,0.8253937961987818
mnist784,50,2480,0.8185672397145257,0.8253937961987818
mnist784,50,2500,0.81847832074914,0.8253937961987818
mnist784,50,2520,0.8181539342848743,0.8253937961987818
mnist784,50,2540,0.8179476060836395,0.8253937961987818
mnist784,50,2560,0.8180189327509958,0.8253937961987818
mnist784,50,2580,0.8183136052993352,0.8253937961987818
mnist784,50,2600,0.8179553350770924,0.8253937961987818
mnist784,50,2620,0.818305099912785,0.8253937961987818
mnist784,50,2640,0.8179919314160611,0.8253937961987818
mnist784,50,2660,0.8182526167783298,0.8253937961987818
mnist784,50,2680,0.8182304239113819,0.8253937961987818
mnist784,50,2700,0.8179672754057167,0.8253937961987818
mnist784,50,2720,0.8180281531423576,0.8253937961987818
mnist784,50,2740,0.8129181516970194,0.8253937961987818
glove100,10,20,0.10925042137304153,0.24469745013623187
glove100,10,40,0.12241856415731353,0.24469745013623187
glove100,10,60,0.13710266275844168,0.24469745013623187
glove100,10,80,0.1509079487721993,0.24469745013623187
glove100,10,100,0.16138158899478175,0.24469745013623187
glove100,10,120,0.16895765593845027,0.24469745013623187
glove100,10,140,0.17493987947070727,0.24469745013623187
glove100,10,160,0.18006181500978313,0.24469745013623187
glove100,10,180,0.18448158556005714,0.24469745013623187
glove100,10,200,0.18851352984884742,0.24469745013623187
glove100,10,220,0.19231559366246376,0.24469745013623187
glove100,10,240,0.19574165687455006,0.24469745013623187
glove100,10,260,0.19899262717469088,0.24469745013623187
glove100,10,280,0.20189292165082304,0.24469745013623187
glove100,10,300,0.2047255029053127,0.24469745013623187
glove100,10,320,0.20729912813809967,0.24469745013623187
glove100,10,340,0.20979701091481107,0.24469745013623187
glove100,10,360,0.21215741907986618,0.24469745013623187
glove100,10,380,0.21432944193227116,0.24469745013623187
glove100,10,400,0.21635658005895156,0.24469745013623187
glove100,10,420,0.2183084491084206,0.24469745013623187
glove100,10,440,0.22008637201432485,0.24469745013623187
glove100,10,460,0.22168555958327557,0.24469745013623187
glove100,10,480,0.22323027509006224,0.24469745013623187
glove100,10,500,0.2246850106123944,0.24469745013623187
glove100,10,520,0.2258898838883647,0.24469745013623187
glove100,10,540,0.22716690010618892,0.24469745013623187
glove100,10,560,0.22831072281877246,0.24469745013623187
glove100,10,580,0.2293323688021165,0.24469745013623187
glove100,10,600,0.230317797988318,0.24469745013623187
glove100,10,620,0.23123031893334714,0.24469745013623187
glove100,10,640,0.23198129929971692,0.24469745013623187
glove100,10,660,0.23273340006845736,0.24469745013623187
glove100,10,680,0.23342929837022228,0.24469745013623187
glove100,10,700,0.2340568516688573,0.24469745013623187
glove100,10,720,0.23460893490451837,0.24469745013623187
glove100,10,740,0.2351141196383244,0.24469745013623187
glove100,10,760,0.2356238928996629,0.24469745013623187
glove100,10,780,0.2361170092071167,0.24469745013623187
glove100,10,800,0.23650505340196457,0.24469745013623187
glove100,10,820,0.23694093712946343,0.24469745013623187
glove100,10,840,0.23730725584371284,0.24469745013623187
glove100,10,860,0.23764627900286622,0.24469745013623187
glove100,10,880,0.2379935854355647,0.24469745013623187
glove100,10,900,0.23829044096634308,0.24469745013623187
glove100,10,920,0.2385887375285879,0.24469745013623187
glove100,10,940,0.23885794485923117,0.24469745013623187
glove100,10,960,0.2390884667882189,0.24469745013623187
glove100,10,980,0.2393459467580665,0.24469745013623187
glove100,10,1000,0.23957802801779932,0.24469745013623187
glove100,10,1020,0.23978687790087796,0.24469745013623187
glove100,10,1040,0.23998589023278383,0.24469745013623187
glove100,10,1060,0.24018871628804708,0.24469745013623187
glove100,10,1080,0.24037149414153855,0.24469745013623187
glove100,10,1100,0.24052561477872472,0.24469745013623187
glove100,10,1120,0.24069804111268334,0.24469745013623187
glove100,10,1140,0.24085745312171783,0.24469745013623187
glove100,10,1160,0.24099901442541596,0.24469745013623187
glove100,10,1180,0.2411610370355473,0.24469745013623187
glove100,10,1200,0.2412947970782354,0.24469745013623187
glove100,10,1220,0.24143888239241604,0.24469745013623187
glove100,10,1240,0.2415704661062951,0.24469745013623187
glove100,10,1260,0.24167025257680308,0.24469745013623187
glove100,10,1280,0.2417921911175628,0.24469745013623187
glove100,10,1300,0.24189983930570638,0.24469745013623187
glove100,10,1320,0.24202063099356583,0.24469745013623187
glove100,10,1340,0.2421035890745959,0.24469745013623187
glove100,10,1360,0.24217588032450585,0.24469745013623187
glove100,10,1380,0.24227479813443345,0.24469745013623187
glove100,10,1400,0.2423951751865995,0.24469745013623187
glove100,10,1420,0.24247574433330882,0.24469745013623187
glove100,10,1440,0.24254203545209257,0.24469745013623187
glove100,10,1460,0.24261320412832688,0.24469745013623187
glove100,10,1480,0.24269718853822944,0.24469745013623187
glove100,10,1500,0.2427297482777043,0.24469745013623187
glove100,10,1520,0.24280207397110581,0.24469745013623187
glove100,10,1540,0.24284401386761578,0.24469745013623187
glove100,10,1560,0.24294064427985082,0.24469745013623187
glove100,10,1580,0.24297148680879224,0.24469745013623187
glove100,10,1600,0.24304252228747272,0.24469745013623187
glove100,10,1620,0.2430837785698212,0.24469745013623187
glove100,10,1640,0.2431416016678603,0.24469745013623187
glove100,10,1660,0.24319577819665122,0.24469745013623187
glove100,10,1680,0.24324093596043933,0.24469745013623187
glove100,10,1700,0.24327615000975822,0.24469745013623187
glove100,10,1720,0.24332897867062545,0.24469745013623187
glove100,10,1740,0.24337472829247994,0.24469745013623187
glove100,10,1760,0.24339660862722992,0.24469745013623187
glove100,10,1780,0.24343697260675415,0.24469745013623187
glove100,10,1800,0.24347133844721455,0.24469745013623187
glove100,10,1820,0.243542875620213,0.24469745013623187
glove100,10,1840,0.24356984496602355,0.24469745013623187
glove100,10,1860,0.24362787524210727,0.24469745013623187
glove100,10,1880,0.243669218235474,0.24469745013623187
glove100,10,1900,0.2436894383500344,0.24469745013623187
glove100,10,1920,0.24371226835217705,0.24469745013623187
glove100,10,1940,0.24375402806647417,0.24469745013623187
glove100,10,1960,0.24378916669044146,0.24469745013623187
glove100,10,1980,0.2438154183529596,0.24469745013623187
glove100,10,2000,0.24383546967752967,0.24469745013623187
glove100,10,2020,0.2438769988277919,0.24469745013623187
glove100,10,2040,0.24387938714598556,0.24469745013623187
glove100,10,2060,0.24392463819844176,0.24469745013623187
glove100,10,2080,0.24394101502543006,0.24469745013623187
glove100,10,2100,0.24397393037768064,0.24469745013623187
glove100,10,2120,0.24398292630284094,0.24469745013623187
glove100,10,2140,0.24401833751776209,0.24469745013623187
glove100,10,2160,0.24402438155415612,0.24469745013623187
glove100,10,2180,0.2440445271518119,0.24469745013623187
glove100,10,2200,0.24404699038129993,0.24469745013623187
glove100,10,2220,0.24405863122247193,0.24469745013623187
glove100,10,2240,0.24407830852473736,0.24469745013623187
glove100,10,2260,0.2440986634775302,0.24469745013623187
glove100,10,2280,0.24412829858542578,0.24469745013623187
glove100,10,2300,0.24413402128466105,0.24469745013623187
glove100,10,2320,0.24414915432696674,0.24469745013623187
glove100,10,2340,0.24415550905088743,0.24469745013623187
glove100,10,2360,0.24417672824430464,0.24469745013623187
glove100,10,2380,0.24419628571734056,0.24469745013623187
glove100,10,2400,0.2441967356546159,0.24469745013623187
glove100,10,2420,0.24423130079891345,0.24469745013623187
glove100,10,2440,0.24422482994471598,0.24469745013623187
glove100,10,2460,0.24422938311562983,0.24469745013623187
glove100,10,2480,0.24425421144068143,0.24469745013623187
glove100,10,2500,0.24426590893925032,0.24469745013623187
glove100,10,2520,0.24425566185067868,0.24469745013623187
glove100,10,2540,0.24427412641626664,0.24469745013623187
glove100,10,2560,0.2442897676369749,0.24469745013623187
glove100,10,2580,0.24430274657658682,0.24469745013623187
glove100,10,2600,0.2443028341623907,0.24469745013623187
glove100,10,2620,0.24429692894498786,0.24469745013623187
glove100,10,2640,0.24430626071620543,0.24469745013623187
glove100,10,2660,0.24431540155675577,0.24469745013623187
glove100,10,2680,0.24430232767448024,0.24469745013623187
glove100,10,2700,0.2443133327905189,0.24469745013623187
glove100,10,2720,0.2443346509220035,0.24469745013623187
glove100,10,2740,0.2443476848536458,0.24469745013623187
glove100,10,2760,0.24435614713980705,0.24469745013623187
glove100,10,2780,0.24435536504335179,0.24469745013623187
glove100,10,2800,0.2443626314787397,0.24469745013623187
glove100,10,2820,0.24437236349006877,0.24469745013623187
glove100,10,2840,0.24438358026885354,0.24469745013623187
glove100,10,2860,0.24438525048002085,0.24469745013623187
glove100,10,2880,0.24438165846086873,0.24469745013623187
glove100,10,2900,0.2443899441418067,0.24469745013623187
glove100,10,2920,0.24438758707874428,0.24469745013623187
glove100,10,2940,0.24439407192251114,0.24469745013623187
glove100,10,2960,0.24439297256698078,0.24469745013623187
glove100,10,2980,0.2443990274979019,0.24469745013623187
glove100,10,3000,0.24440441994397144,0.24469745013623187
glove100,10,3020,0.24440556990042903,0.24469745013623187
glove100,10,3040,0.24442048473512623,0.24469745013623187
glove100,10,3060,0.24441530529990915,0.24469745013623187
glove100,10,3080,0.24441549813225075,0.24469745013623187
glove100,10,3100,0.2444270560415589,0.24469745013623187
glove100,10,3120,0.24440851256637555,0.24469745013623187
glove100,10,3140,0.2444099662699605,0.24469745013623187
glove100,10,3160,0.24442737034118608,0.24469745013623187
glove100,10,3180,0.24441823342379443,0.24469745013623187
glove100,10,3200,0.24442775661557078,0.24469745013623187
glove100,10,3220,0.24442279260360547,0.24469745013623187
glove100,10,3240,0.2444366467104356,0.24469745013623187
glove100,10,3260,0.24444213732620718,0.24469745013623187
glove100,10,3280,0.2444534264233641,0.24469745013623187
glove100,10,3300,0.244456042952533,0.24469745013623187
glove100,10,3320,0.2444349149125521,0.24469745013623187
glove100,10,3340,0.24443173223736034,0.24469745013623187
glove100,10,3360,0.2444201840549283,0.24469745013623187
glove100,10,3380,0.2444399710751913,0.24469745013623187
glove100,10,3400,0.24446036742606783,0.24469745013623187
glove100,10,3420,0.2444630197770933,0.24469745013623187
glove100,10,3440,0.2444415835945237,0.24469745013623187
glove100,10,3460,0.244457807050466,0.24469745013623187
glove100,10,3480,0.24444908200419666,0.24469745013623187
glove100,10,3500,0.24446221377887456,0.24469745013623187
glove100,10,3520,0.24446143790096794,0.24469745013623187
glove100,10,3540,0.24447996472766256,0.24469745013623187
glove100,10,3560,0.244466814401767,0.24469745013623187
glove100,10,3580,0.24444679454383209,0.24469745013623187
glove100,10,3600,0.24446464519547464,0.24469745013623187
glove100,10,3620,0.24447349887592806,0.24469745013623187
glove100,10,3640,0.2444729610478713,0.24469745013623187
glove100,10,3660,0.24447888355074965,0.24469745013623187
glove100,10,3680,0.2444763214965502,0.24469745013623187
glove100,10,3700,0.24446915742517533,0.24469745013623187
glove100,10,3720,0.24446275574900445,0.24469745013623187
glove100,10,3740,0.24447758610751127,0.24469745013623187
glove100,10,3760,0.2444713340492585,0.24469745013623187
glove100,10,3780,0.24448865667670064,0.24469745013623187
glove100,10,3800,0.2444764017631752,0.24469745013623187
glove100,10,3820,0.24448965060667446,0.24469745013623187
glove100,10,3840,0.2444690878240375,0.24469745013623187
glove100,10,3860,0.24448329875807992,0.24469745013623187
glove100,10,3880,0.24449194808880417,0.24469745013623187
glove100,10,3900,0.24450800438021073,0.24469745013623187
glove100,10,3920,0.24450822952820672,0.24469745013623187
glove100,10,3940,0.24451100555873592,0.24469745013623187
glove100,10,3960,0.2445029264236837,0.24469745013623187
glove100,10,3980,0.24450912436983485,0.24469745013623187
glove100,10,4000,0.2445128162086117,0.24469745013623187
glove100,10,4020,0.2444906080905218,0.24469745013623187
glove100,10,4040,0.2444963794235289,0.24469745013623187
glove100,10,4060,0.2444859558099781,0.24469745013623187
glove100,10,4080,0.24449357867853397,0.24469745013623187
glove100,10,4100,0.24449309247660805,0.24469745013623187
glove100,10,4120,0.24449919405630322,0.24469745013623187
glove100,10,4140,0.24450833940589806,0.24469745013623187
glove100,10,4160,0.24450497044521208,0.24469745013623187
glove100,10,4180,0.24452269887337522,0.24469745013623187
glove100,10,4200,0.24451548170695545,0.24469745013623187
glove100,10,4220,0.2445204823757307,0.24469745013623187
glove100,10,4240,0.24450359467700472,0.24469745013623187
glove100,10,4260,0.2444989012616273,0.24469745013623187
glove100,10,4280,0.24450078764009625,0.24469745013623187
glove100,10,4300,0.24450172877581128,0.24469745013623187
glove100,10,4320,0.24450941556401007,0.24469745013623187
glove100,10,4340,0.24451627537382534,0.24469745013623187
glove100,10,4360,0.2445085582107946,0.24469745013623187
glove100,10,4380,0.24451633125400327,0.24469745013623187
glove100,10,4400,0.24452922820892267,0.24469745013623187
glove100,10,4420,0.24453263215734206,0.24469745013623187
glove100,10,4440,0.2445215510232626,0.24469745013623187
glove100,10,4460,0.2445219640876929,0.24469745013623187
glove100,10,4480,0.24451605789499475,0.24469745013623187
glove100,10,4500,0.24453544639287683,0.24469745013623187
glove100,10,4520,0.24452376995508274,0.24469745013623187
glove100,10,4540,0.24454954851910837,0.24469745013623187
glove100,10,4560,0.24453028921497363,0.24469745013623187
glove100,10,4580,0.24453879943786674,0.24469745013623187
glove100,10,4600,0.24452433001074333,0.24469745013623187
glove100,10,4620,0.24452693654911828,0.24469745013623187
glove100,10,4640,0.24452830338317386,0.24469745013623187
glove100,10,4660,0.24452440068188705,0.24469745013623187
glove100,10,4680,0.24452347498738353,0.24469745013623187
glove100,10,4700,0.2445345414239297,0.24469745013623187
glove100,10,4720,0.2445054252206241,0.24469745013623187
glove100,10,4740,0.244495205053331,0.24469745013623187
glove100,10,4760,0.24448873163500545,0.24469745013623187
glove100,10,4780,0.24449324577574455,0.24469745013623187
glove100,10,4800,0.24450149602855237,0.24469745013623187
glove100,10,4820,0.24451316906960283,0.24469745013623187
glove100,10,4840,0.24449334449204443,0.24469745013623187
glove100,10,4860,0.24449981263667492,0.24469745013623187
glove100,10,4880,0.24448577175754344,0.24469745013623187
glove100,10,4900,0.24449756465945838,0.24469745013623187
glove100,10,4920,0.24451116041761878,0.24469745013623187
glove100,10,4940,0.24452747111146098,0.24469745013623187
glove100,10,4960,0.24448519192912968,0.24469745013623187
glove100,10,4980,0.24449852688374854,0.24469745013623187
glove100,10,5000,0.24450239413177804,0.24469745013623187
glove100,10,5020,0.24451359707747677,0.24469745013623187
glove100,10,5040,0.24451152383235122,0.24469745013623187
glove100,10,5060,0.24452297445164053,0.24469745013623187
glove100,10,5080,0.24452213667050746,0.24469745013623187
glove100,10,5100,0.24450991731211238,0.24469745013623187
glove100,10,5120,0.2445167388116114,0.24469745013623187
glove100,10,5140,0.24450454544842912,0.24469745013623187
glove100,10,5160,0.24450736161859105,0.24469745013623187
glove100,10,5180,0.24451449718945123,0.24469745013623187
glove100,10,5200,0.24451338001168196,0.24469745013623187
glove100,10,5220,0.24450729383151817,0.24469745013623187
glove100,10,5240,0.2445080686564744,0.24469745013623187
glove100,10,5260,0.24452277382182358,0.24469745013623187
glove100,10,5280,0.24452631383679296,0.24469745013623187
glove100,10,5300,0.24453829192275692,0.24469745013623187
glove100,10,5320,0.24452898151838845,0.24469745013623187
glove100,10,5340,0.2445236006179134,0.24469745013623187
glove100,10,5360,0.2445088808041615,0.24469745013623187
glove100,10,5380,0.2445256792824476,0.24469745013623187
glove100,10,5400,0.2445120408230379,0.24469745013623187
glove100,10,5420,0.24452304376179063,0.24469745013623187
glove100,10,5440,0.2445248848565367,0.24469745013623187
glove100,10,5460,0.2445292611225564,0.24469745013623187
glove100,10,5480,0.24452171731905703,0.24469745013623187
glove100,10,5500,0.2445279921721859,0.24469745013623187
glove100,10,5520,0.24451854232165363,0.24469745013623187
glove100,10,5540,0.24452171376556925,0.24469745013623187
glove100,10,5560,0.2445251838951534,0.24469745013623187
glove100,10,5580,0.24452869365713475,0.24469745013623187
glove100,10,5600,0.24453083520319294,0.24469745013623187
glove100,10,5620,0.24452569226033335,0.24469745013623187
glove100,10,5640,0.2445158025621533,0.24469745013623187
glove100,10,5660,0.24450726831671762,0.24469745013623187
glove100,10,5680,0.2445213952445306,0.24469745013623187
glove100,10,5700,0.24452160345889068,0.24469745013623187
glove100,10,5720,0.24450691820359113,0.24469745013623187
glove100,10,5740,0.244526146238184,0.24469745013623187
glove100,10,5760,0.2445329114398003,0.24469745013623187
glove100,10,5780,0.24452831442590736,0.24469745013623187
glove100,10,5800,0.2445226380771893,0.24469745013623187
glove100,10,5820,0.2445265519774892,0.24469745013623187
glove100,10,5840,0.24453146728892097,0.24469745013623187
glove100,10,5860,0.2445394881892839,0.24469745013623187
glove100,10,5880,0.24454071526679896,0.24469745013623187
glove100,10,5900,0.24454849507938042,0.24469745013623187
glove100,10,5920,0.24455407543495208,0.24469745013623187
glove100,10,5940,0.24455058359871423,0.24469745013623187
glove100,10,5960,0.24455650774607193,0.24469745013623187
glove100,10,5980,0.244558701917691,0.24469745013623187
glove100,10,6000,0.24454080352913662,0.24469745013623187
glove100,10,6020,0.2445340214204233,0.24469745013623187
glove100,10,6040,0.24453398083969435,0.24469745013623187
glove100,10,6060,0.24454268592772957,0.24469745013623187
glove100,10,6080,0.2445561087610333,0.24469745013623187
glove100,10,6100,0.24453863412049093,0.24469745013623187
glove100,10,6120,0.2445531550512295,0.24469745013623187
glove100,10,6140,0.24454493478839257,0.24469745013623187
glove100,10,6160,0.24453315812739027,0.24469745013623187
glove100,10,6180,0.2445367952174339,0.24469745013623187
glove100,10,6200,0.24453173402771441,0.24469745013623187
glove100,10,6220,0.24451251428000126,0.24469745013623187
glove100,10,6240,0.24451079987101595,0.24469745013623187
glove100,10,6260,0.24450708024710507,0.24469745013623187
glove100,10,6280,0.2445300456757146,0.24469745013623187
glove100,10,6300,0.2445452042378933,0.24469745013623187
glove100,10,6320,0.24452962632587158,0.24469745013623187
glove100,10,6340,0.2445348738357264,0.24469745013623187
glove100,10,6360,0.24453241630315992,0.24469745013623187
glove100,10,6380,0.2445317720011082,0.24469745013623187
glove100,10,6400,0.24451234093650223,0.24469745013623187
glove100,10,6420,0.24451149256351157,0.24469745013623187
glove100,10,6440,0.2444928814838166,0.24469745013623187
glove100,10,6460,0.2444951303068772,0.24469745013623187
glove100,10,6480,0.24452570789720515,0.24469745013623187
glove100,10,6500,0.24451387691386084,0.24469745013623187
glove100,10,6520,0.24453136792721655,0.24469745013623187
glove100,10,6540,0.24452191072068824,0.24469745013623187
glove100,10,6560,0.24453296365602528,0.24469745013623187
glove100,10,6580,0.244527230932175,0.24469745013623187
glove100,10,6600,0.2445214998093859,0.24469745013623187
glove100,10,6620,0.24452253353445733,0.24469745013623187
glove100,10,6640,0.24452605855063153,0.24469745013623187
glove100,10,6660,0.24452341243224499,0.24469745013623187
glove100,10,6680,0.24453073690527205,0.24469745013623187
glove100,10,6700,0.24451191160407837,0.24469745013623187
glove100,10,6720,0.24450837881607757,0.24469745013623187
glove100,10,6740,0.24453233119157797,0.24469745013623187
glove100,10,6760,0.24454475854117447,0.24469745013623187
glove100,10,6780,0.24453527500129335,0.24469745013623187
glove100,10,6800,0.24454207151846466,0.24469745013623187
glove100,10,6820,0.2445185679158095,0.24469745013623187
glove100,10,6840,0.24452285683490627,0.24469745013623187
glove100,10,6860,0.24454172257622112,0.24469745013623187
glove100,10,6880,0.24453726845665721,0.24469745013623187
glove100,10,6900,0.2445280354038691,0.24469745013623187
glove100,10,6920,0.24453430250467223,0.24469745013623187
glove100,10,6940,0.24453523237892336,0.24469745013623187
glove100,10,6960,0.24453853932192024,0.24469745013623187
glove100,10,6980,0.24452625584110704,0.24469745013623187
glove100,10,7000,0.2445195205886726,0.24469745013623187
glove100,10,7020,0.24453712409750114,0.24469745013623187
glove100,10,7040,0.24452754822802583,0.24469745013623187
glove100,10,7060,0.24454064111496557,0.24469745013623187
glove100,10,7080,0.24451904153971277,0.24469745013623187
glove100,10,7100,0.24454340611384145,0.24469745013623187
glove100,10,7120,0.24453440996233963,0.24469745013623187
glove100,10,7140,0.24452532480560898,0.24469745013623187
glove100,10,7160,0.24454635511211678,0.24469745013623187
glove100,10,7180,0.2445428787944875,0.24469745013623187
glove100,10,7200,0.24453600387677307,0.24469745013623187
glove100,10,7220,0.24454560785370733,0.24469745013623187
glove100,10,7240,0.24454523389281163,0.24469745013623187
glove100,10,7260,0.24454562883095093,0.24469745013623187
glove100,10,7280,0.24454964102047494,0.24469745013623187
glove100,10,7300,0.244542007346481,0.24469745013623187
glove100,10,7320,0.24452679586170498,0.24469745013623187
glove100,10,7340,0.2445180998980128,0.24469745013623187
glove100,10,7360,0.2445410506418377,0.24469745013623187
glove100,10,7380,0.24455246508424558,0.24469745013623187
glove100,10,7400,0.24455826969043368,0.24469745013623187
glove100,10,7420,0.24455744318480882,0.24469745013623187
glove100,10,7440,0.24455637239762645,0.24469745013623187
glove100,10,7460,0.2445401938888993,0.24469745013623187
glove100,10,7480,0.24454973775866487,0.24469745013623187
glove100,10,7500,0.24454465964692365,0.24469745013623187
glove100,10,7520,0.24454167337472807,0.24469745013623187
glove100,10,7540,0.24454364432093653,0.24469745013623187
glove100,10,7560,0.2445622550956526,0.24469745013623187
glove100,10,7580,0.24454236120036557,0.24469745013623187
glove100,10,7600,0.24454318874282033,0.24469745013623187
glove100,10,7620,0.24452624497869258,0.24469745013623187
glove100,10,7640,0.24453492715775793,0.24469745013623187
glove100,10,7660,0.24454793723718304,0.24469745013623187
glove100,10,7680,0.24454829950904267,0.24469745013623187
glove100,10,7700,0.24454647222581496,0.24469745013623187
glove100,10,7720,0.24454807239343643,0.24469745013623187
glove100,10,7740,0.24454877323896307,0.24469745013623187
glove100,10,7760,0.2445571458468616,0.24469745013623187
glove100,10,7780,0.2445592227193381,0.24469745013623187
glove100,10,7800,0.24456928822642188,0.24469745013623187
glove100,10,7820,0.24455316400161564,0.24469745013623187
glove100,10,7840,0.2445366419473633,0.24469745013623187
glove100,10,7860,0.24452781398195536,0.24469745013623187
glove100,10,7880,0.24453604517399324,0.24469745013623187
glove100,10,7900,0.24452027694820083,0.24469745013623187
glove100,10,7920,0.24452146565595972,0.24469745013623187
glove100,10,7940,0.24453451389315434,0.24469745013623187
glove100,10,7960,0.2445157552262334,0.24469745013623187
glove100,10,7980,0.24451240070984004,0.24469745013623187
glove100,10,8000,0.2445051530509273,0.24469745013623187
glove100,10,8020,0.24452615601475783,0.24469745013623187
glove100,10,8040,0.24451714763545715,0.24469745013623187
glove100,10,8060,0.24452183928959464,0.24469745013623187
glove100,10,8080,0.24451653524577016,0.24469745013623187
glove100,10,8100,0.24449782852440324,0.24469745013623187
glove100,10,8120,0.24452490967205065,0.24469745013623187
glove100,10,8140,0.24452231074084754,0.24469745013623187
glove100,10,8160,0.24452810341264253,0.24469745013623187
glove100,10,8180,0.24452273497122115,0.24469745013623187
glove100,10,8200,0.24451231729384468,0.24469745013623187
glove100,10,8220,0.2445064413620944,0.24469745013623187
glove100,10,8240,0.24449847821494927,0.24469745013623187
glove100,10,8260,0.24450503279901778,0.24469745013623187
glove100,10,8280,0.24452519029056438,0.24469745013623187
glove100,10,8300,0.2445166657308893,0.24469745013623187
glove100,10,8320,0.24452939163503587,0.24469745013623187
glove100,10,8340,0.2445281813348182,0.24469745013623187
glove100,10,8360,0.24452952116600293,0.24469745013623187
glove100,10,8380,0.24453115886872187,0.24469745013623187
glove100,10,8400,0.24453723829915322,0.24469745013623187
glove100,10,8420,0.2445294037491848,0.24469745013623187
glove100,10,8440,0.2445255480604472,0.24469745013623187
glove100,10,8460,0.24453301661144256,0.24469745013623187
glove100,10,8480,0.24454687878384143,0.24469745013623187
glove100,10,8500,0.2445378145200553,0.24469745013623187
glove100,10,8520,0.24454528602366907,0.24469745013623187
glove100,10,8540,0.2445532662402262,0.24469745013623187
glove100,10,8560,0.2445160032141894,0.24469745013623187
glove100,10,8580,0.2445158464046637,0.24469745013623187
glove100,10,8600,0.244516252457911,0.24469745013623187
glove100,10,8620,0.244542086077242,0.24469745013623187
glove100,10,8640,0.24454727714557908,0.24469745013623187
glove100,10,8660,0.2445533191847533,0.24469745013623187
glove100,10,8680,0.2445385448210965,0.24469745013623187
glove100,10,8700,0.24453924777124592,0.24469745013623187
glove100,10,8720,0.24451251178363595,0.24469745013623187
glove100,10,8740,0.2445359330072418,0.24469745013623187
glove100,10,8760,0.24453018094363838,0.24469745013623187
glove100,10,8780,0.24453766377127442,0.24469745013623187
glove100,10,8800,0.24454941894539522,0.24469745013623187
glove100,10,8820,0.24454253563042447,0.24469745013623187
glove100,10,8840,0.24453291212400471,0.24469745013623187
glove100,10,8860,0.24454912245832447,0.24469745013623187
glove100,10,8880,0.24453415305242865,0.24469745013623187
glove100,10,8900,0.24453228057798376,0.24469745013623187
glove100,10,8920,0.244533648664255,0.24469745013623187
glove100,10,8940,0.24453344840042948,0.24469745013623187
glove100,10,8960,0.2445355072983993,0.24469745013623187
glove100,10,8980,0.2445538921795651,0.24469745013623187
glove100,10,9000,0.24455203397898784,0.24469745013623187
glove100,10,9020,0.24453796212054354,0.24469745013623187
glove100,10,9040,0.24455458105477026,0.24469745013623187
glove100,10,9060,0.2445451871582449,0.24469745013623187
glove100,10,9080,0.24454445312612202,0.24469745013623187
glove100,10,9100,0.24454092264638952,0.24469745013623187
glove100,10,9120,0.24453524382132455,0.24469745013623187
glove100,10,9140,0.24453991072200776,0.24469745013623187
glove100,10,9160,0.24453157358594108,0.24469745013623187
glove100,10,9180,0.2445154674806145,0.24469745013623187
glove100,10,9200,0.2445401240158931,0.24469745013623187
glove100,10,9220,0.2445377843400695,0.24469745013623187
glove100,10,9240,0.2445475635810444,0.24469745013623187
glove100,10,9260,0.24454883199316732,0.24469745013623187
glove100,10,9280,0.24454409407349473,0.24469745013623187
glove100,10,9300,0.24456082224412318,0.24469745013623187
glove100,10,9320,0.24455606725675352,0.24469745013623187
glove100,10,9340,0.24455336561345462,0.24469745013623187
glove100,10,9360,0.24454506018967037,0.24469745013623187
glove100,10,9380,0.24454121698879183,0.24469745013623187
glove100,10,9400,0.24452884125869714,0.24469745013623187
glove100,10,9420,0.24452343994846126,0.24469745013623187
glove100,10,9440,0.2445106489536006,0.24469745013623187
glove100,10,9460,0.24452020824855838,0.24469745013623187
glove100,10,9480,0.24452224607305145,0.24469745013623187
glove100,10,9500,0.24452371544790638,0.24469745013623187
glove100,10,9520,0.24451557887524733,0.24469745013623187
glove100,10,9540,0.2445241926729666,0.24469745013623187
glove100,10,9560,0.24453486105360334,0.24469745013623187
glove100,10,9580,0.24453117524343437,0.24469745013623187
glove100,10,9600,0.24451339247314868,0.24469745013623187
glove100,10,9620,0.24451071936424296,0.24469745013623187
glove100,10,9640,0.24450483515064833,0.24469745013623187
glove100,10,9660,0.24450939007620667,0.24469745013623187
glove100,10,9680,0.24450596591618606,0.24469745013623187
glove100,10,9700,0.24453254005326192,0.24469745013623187
glove100,10,9720,0.2445405469374372,0.24469745013623187
glove100,10,9740,0.24454266029374183,0.24469745013623187
glove100,10,9760,0.24453250662561246,0.24469745013623187
glove100,10,9780,0.2445380022316735,0.24469745013623187
glove100,10,9800,0.24453785137026052,0.24469745013623187
glove100,10,9820,0.24451976542653667,0.24469745013623187
glove100,10,9840,0.2445169257104494,0.24469745013623187
glove100,10,9860,0.24453985994994698,0.24469745013623187
glove100,10,9880,0.24453998949729716,0.24469745013623187
glove100,10,9900,0.24452947259668853,0.24469745013623187
glove100,10,9920,0.2445268917835615,0.24469745013623187
glove100,10,9940,0.24453451417997915,0.24469745013623187
glove100,10,9960,0.24452385555523026,0.24469745013623187
glove100,10,9980,0.24453206101459002,0.24469745013623187
glove100,10,10000,0.2445285123561765,0.24469745013623187
glove100,10,10020,0.24453613050303633,0.24469745013623187
glove100,10,10040,0.24454036127970422,0.24469745013623187
glove100,10,10060,0.24452844628175902,0.24469745013623187
glove100,10,10080,0.24454282014004505,0.24469745013623187
glove100,10,10100,0.24454738262683784,0.24469745013623187
glove100,10,10120,0.24453842115567548,0.24469745013623187
glove100,10,10140,0.2445533376416167,0.24469745013623187
glove100,10,10160,0.24455941332592154,0.24469745013623187
glove100,10,10180,0.24454407814488274,0.24469745013623187
glove100,10,10200,0.24454096291515484,0.24469745013623187
glove100,10,10220,0.2445257751986281,0.24469745013623187
glove100,10,10240,0.24454860740133594,0.24469745013623187
glove100,10,10260,0.24455656518153027,0.24469745013623187
glove100,10,10280,0.24455980042751826,0.24469745013623187
glove100,10,10300,0.24455861199813494,0.24469745013623187
glove100,10,10320,0.2445479477498292,0.24469745013623187
glove100,10,10340,0.24453201816377426,0.24469745013623187
glove100,10,10360,0.24453595130247974,0.24469745013623187
glove100,10,10380,0.24454501935272321,0.24469745013623187
glove100,10,10400,0.24453523461094348,0.24469745013623187
glove100,10,10420,0.2445345407438062,0.24469745013623187
glove100,10,10440,0.24453428041885156,0.24469745013623187
glove100,10,10460,0.244524528438433,0.24469745013623187
glove100,10,10480,0.24453352992137503,0.24469745013623187
glove100,10,10500,0.24452498336896555,0.24469745013623187
glove100,10,10520,0.24454225812465305,0.24469745013623187
glove100,10,10540,0.24451700156217684,0.24469745013623187
glove100,10,10560,0.24452909155162816,0.24469745013623187
glove100,10,10580,0.2445313580959315,0.24469745013623187
glove100,10,10600,0.24453837394772726,0.24469745013623187
glove100,10,10620,0.2445184906665244,0.24469745013623187
glove100,10,10640,0.24454396043319654,0.24469745013623187
glove100,10,10660,0.24453125487718966,0.24469745013623187
glove100,10,10680,0.24454442415127656,0.24469745013623187
glove100,10,10700,0.24453625088899414,0.24469745013623187
glove100,10,10720,0.24452802932482132,0.24469745013623187
glove100,10,10740,0.24453756769571924,0.24469745013623187
glove100,10,10760,0.24452332742284483,0.24469745013623187
glove100,10,10780,0.24452272598698904,0.24469745013623187
glove100,10,10800,0.2445396464920666,0.24469745013623187
glove100,10,10820,0.24454424432902436,0.24469745013623187
glove100,10,10840,0.2445258007760826,0.24469745013623187
glove100,10,10860,0.24454175790551996,0.24469745013623187
glove100,10,10880,0.24453951289665352,0.24469745013623187
glove100,10,10900,0.2445563018072173,0.24469745013623187
glove100,10,10920,0.24455461842955806,0.24469745013623187
glove100,10,10940,0.24455128975319657,0.24469745013623187
glove100,10,10960,0.2445293628958597,0.24469745013623187
glove100,10,10980,0.24452410118907855,0.24469745013623187
glove100,10,11000,0.24451398336966818,0.24469745013623187
glove100,10,11020,0.2445183494014556,0.24469745013623187
glove100,10,11040,0.2445227961207183,0.24469745013623187
glove100,10,11060,0.24452589275268571,0.24469745013623187
glove100,10,11080,0.24452490464990853,0.24469745013623187
glove100,10,11100,0.24451834754871815,0.24469745013623187
glove100,10,11120,0.24451751778986444,0.24469745013623187
glove100,10,11140,0.24452538559579853,0.24469745013623187
glove100,10,11160,0.24452442650069647,0.24469745013623187
glove100,10,11180,0.24454068192811632,0.24469745013623187
glove100,10,11200,0.24452095436692528,0.24469745013623187
glove100,10,11220,0.24450839403427585,0.24469745013623187
glove100,10,11240,0.24452230603817932,0.24469745013623187
glove100,10,11260,0.24453072140770254,0.24469745013623187
glove100,10,11280,0.24453429187590944,0.24469745013623187
glove100,10,11300,0.24453333014326292,0.24469745013623187
glove100,10,11320,0.24451812857031371,0.24469745013623187
glove100,10,11340,0.24452427381557462,0.24469745013623187
glove100,10,11360,0.2445307884016828,0.24469745013623187
glove100,10,11380,0.24453147752478244,0.24469745013623187
glove100,10,11400,0.24453024387829067,0.24469745013623187
glove100,10,11420,0.24452616638516703,0.24469745013623187
glove100,10,11440,0.24453042356316546,0.24469745013623187
glove100,10,11460,0.2445410027648158,0.24469745013623187
glove100,10,11480,0.24452091338647008,0.24469745013623187
glove100,10,11500,0.24452856049963487,0.24469745013623187
glove100,10,11520,0.24452163557057868,0.24469745013623187
glove100,10,11540,0.24452259537282922,0.24469745013623187
glove100,10,11560,0.24453140045645202,0.24469745013623187
glove100,10,11580,0.2445356637139057,0.24469745013623187
glove100,10,11600,0.2445220251830956,0.24469745013623187
glove100,10,11620,0.24452502564696127,0.24469745013623187
glove100,10,11640,0.24452522971353996,0.24469745013623187
glove100,10,11660,0.2445221949825492,0.24469745013623187
glove100,10,11680,0.24451847616895728,0.24469745013623187
glove100,10,11700,0.24452966421107664,0.24469745013623187
glove100,10,11720,0.24453556594498269,0.24469745013623187
glove100,10,11740,0.2445244519167428,0.24469745013623187
glove100,10,11760,0.24453159161528043,0.24469745013623187
glove100,10,11780,0.2445521776967784,0.24469745013623187
glove100,10,11800,0.24452787720043156,0.24469745013623187
glove100,10,11820,0.24452449368905704,0.24469745013623187
glove100,10,11840,0.24453233667262736,0.24469745013623187
glove100,10,11860,0.2445188465165276,0.24469745013623187
glove100,10,11880,0.2445141760924706,0.24469745013623187
glove100,10,11900,0.24452713090351663,0.24469745013623187
glove100,10,11920,0.2445171266848935,0.24469745013623187
glove100,10,11940,0.24453586157018284,0.24469745013623187
glove100,10,11960,0.24453648672695671,0.24469745013623187
glove100,10,11980,0.24454462907305208,0.24469745013623187
glove100,10,12000,0.2445458152546483,0.24469745013623187
glove100,10,12020,0.24454997035293885,0.24469745013623187
glove100,10,12040,0.24454808225959293,0.24469745013623187
glove100,10,12060,0.24454711254692688,0.24469745013623187
glove100,10,12080,0.244558777292307,0.24469745013623187
glove100,10,12100,0.2445457831339546,0.24469745013623187
glove100,10,12120,0.24453700757594504,0.24469745013623187
glove100,10,12140,0.2445403867558387,0.24469745013623187
glove100,10,12160,0.24454001219369997,0.24469745013623187
glove100,10,12180,0.2445426296911178,0.24469745013623187
glove100,10,12200,0.24453507642731626,0.24469745013623187
glove100,10,12220,0.2445351974454868,0.24469745013623187
glove100,10,12240,0.24453189855073415,0.24469745013623187
glove100,10,12260,0.2445396927756412,0.24469745013623187
glove100,10,12280,0.2445419650170578,0.24469745013623187
glove100,10,12300,0.2445394373437496,0.24469745013623187
glove100,10,12320,0.24451799535275717,0.24469745013623187
glove100,10,12340,0.24454525008810618,0.24469745013623187
glove100,10,12360,0.2445338230202645,0.24469745013623187
glove100,10,12380,0.24452634591227002,0.24469745013623187
glove100,10,12400,0.2445413249020503,0.24469745013623187
glove100,10,12420,0.2445494802232278,0.24469745013623187
glove100,10,12440,0.24455797501764573,0.24469745013623187
glove100,10,12460,0.2445513690079142,0.24469745013623187
glove100,10,12480,0.24456582366112636,0.24469745013623187
glove100,10,12500,0.24455127157942855,0.24469745013623187
glove100,10,12520,0.24453942090753522,0.24469745013623187
glove100,10,12540,0.24454007929851065,0.24469745013623187
glove100,10,12560,0.24452738817738676,0.24469745013623187
glove100,10,12580,0.24453503293591744,0.24469745013623187
glove100,10,12600,0.2445252233171104,0.24469745013623187
glove100,10,12620,0.2445313132976594,0.24469745013623187
glove100,10,12640,0.24454196276973367,0.24469745013623187
glove100,10,12660,0.24453872303139546,0.24469745013623187
glove100,10,12680,0.24451456412933997,0.24469745013623187
glove100,10,12700,0.24452809868164463,0.24469745013623187
glove100,10,12720,0.2445276215710197,0.24469745013623187
glove100,10,12740,0.2445175178621099,0.24469745013623187
glove100,10,12760,0.244537578347121,0.24469745013623187
glove100,10,12780,0.24452748560485174,0.24469745013623187
glove100,10,12800,0.2445360569791441,0.24469745013623187
glove100,10,12820,0.244539350756386,0.24469745013623187
glove100,10,12840,0.24453149540247124,0.24469745013623187
glove100,10,12860,0.2445241282844649,0.24469745013623187
glove100,10,12880,0.24451952662078247,0.24469745013623187
glove100,10,12900,0.24452902336785842,0.24469745013623187
glove100,10,12920,0.24453930388079181,0.24469745013623187
glove100,10,12940,0.24454388877280103,0.24469745013623187
glove100,10,12960,0.24452153151844033,0.24469745013623187
glove100,10,12980,0.2445270254361739,0.24469745013623187
glove100,10,13000,0.2445228932710882,0.24469745013623187
glove100,10,13020,0.24451853908813612,0.24469745013623187
glove100,10,13040,0.24451473140482027,0.24469745013623187
glove100,10,13060,0.24451800052023379,0.24469745013623187
glove100,10,13080,0.24454398859764415,0.24469745013623187
glove100,10,13100,0.24453942487308825,0.24469745013623187
glove100,10,13120,0.24453366395765444,0.24469745013623187
glove100,10,13140,0.24451728242691223,0.24469745013623187
glove100,10,13160,0.24451737290796854,0.24469745013623187
glove100,10,13180,0.24453566356219278,0.24469745013623187
glove100,10,13200,0.2445395830396537,0.24469745013623187
glove100,10,13220,0.24453929750683182,0.24469745013623187
glove100,10,13240,0.24453153533135347,0.24469745013623187
glove100,10,13260,0.2445267136733871,0.24469745013623187
glove100,10,13280,0.24455082177115972,0.24469745013623187
glove100,10,13300,0.2445444787826724,0.24469745013623187
glove100,10,13320,0.24453120414130622,0.24469745013623187
glove100,10,13340,0.2445356457441762,0.24469745013623187
glove100,10,13360,0.24453659499490776,0.24469745013623187
glove100,10,13380,0.2445510059702004,0.24469745013623187
glove100,10,13400,0.2445426650848699,0.24469745013623187
glove100,10,13420,0.24452636487084625,0.24469745013623187
glove100,10,13440,0.2445132793456966,0.24469745013623187
glove100,10,13460,0.2445504720103915,0.24469745013623187
glove100,10,13480,0.24455660167682983,0.24469745013623187
glove100,10,13500,0.24454529387011847,0.24469745013623187
glove100,10,13520,0.24453693747866875,0.24469745013623187
glove100,10,13540,0.24454460944880374,0.24469745013623187
glove100,10,13560,0.24454477651923756,0.24469745013623187
glove100,10,13580,0.24454547341553928,0.24469745013623187
glove100,10,13600,0.24454134178677397,0.24469745013623187
glove100,10,13620,0.24453122739828215,0.24469745013623187
glove100,10,13640,0.24453759156971716,0.24469745013623187
glove100,10,13660,0.24454369116717758,0.24469745013623187
glove100,10,13680,0.24454254863622454,0.24469745013623187
glove100,10,13700,0.24453986908905012,0.24469745013623187
glove100,10,13720,0.24454550058105617,0.24469745013623187
glove100,10,13740,0.24454704158302684,0.24469745013623187
glove100,10,13760,0.2445502284415256,0.24469745013623187
glove100,10,13780,0.24453456036142,0.24469745013623187
glove100,10,13800,0.24452980515755524,0.24469745013623187
glove100,10,13820,0.24454007284419516,0.24469745013623187
glove100,10,13840,0.24454071049128576,0.24469745013623187
glove100,10,13860,0.2445477378864914,0.24469745013623187
glove100,10,13880,0.24454261699602783,0.24469745013623187
glove100,10,13900,0.24453337752119478,0.24469745013623187
glove100,10,13920,0.24453770206170888,0.24469745013623187
glove100,10,13940,0.2445434041675975,0.24469745013623187
glove100,10,13960,0.24453964366959716,0.24469745013623187
glove100,10,13980,0.24452929994359754,0.24469745013623187
glove100,10,14000,0.244545465589167,0.24469745013623187
glove100,10,14020,0.24454850554936586,0.24469745013623187
glove100,10,14040,0.24453749099829536,0.24469745013623187
glove100,10,14060,0.2445445644962149,0.24469745013623187
glove100,10,14080,0.24453419763805395,0.24469745013623187
glove100,10,14100,0.2445093904245058,0.24469745013623187
glove100,10,14120,0.24449267623062032,0.24469745013623187
glove100,10,14140,0.24447796905258465,0.24469745013623187
glove100,10,14160,0.24450439055729006,0.24469745013623187
glove100,10,14180,0.2445277212572692,0.24469745013623187
glove100,10,14200,0.24453275307033828,0.24469745013623187
glove100,10,14220,0.24453315121968927,0.24469745013623187
glove100,10,14240,0.2445377206219447,0.24469745013623187
glove100,10,14260,0.24451810960120668,0.24469745013623187
glove100,10,14280,0.24451416790269573,0.24469745013623187
glove100,10,14300,0.24451813442569598,0.24469745013623187
glove100,10,14320,0.2445177037730154,0.24469745013623187
glove100,10,14340,0.24452364691831555,0.24469745013623187
glove100,10,14360,0.24453087485726938,0.24469745013623187
glove100,10,14380,0.24451886637008766,0.24469745013623187
glove100,10,14400,0.2445086659624313,0.24469745013623187
glove100,10,14420,0.24451100177456225,0.24469745013623187
glove100,10,14440,0.24452030424455257,0.24469745013623187
glove100,10,14460,0.24451165773909594,0.24469745013623187
glove100,10,14480,0.24451494393611073,0.24469745013623187
glove100,10,14500,0.2445170794422551,0.24469745013623187
glove100,10,14520,0.24451544565399141,0.24469745013623187
glove100,10,14540,0.24452588506595063,0.24469745013623187
glove100,10,14560,0.24453128552824244,0.24469745013623187
glove100,10,14580,0.2445146431303051,0.24469745013623187
glove100,10,14600,0.2445297708753978,0.24469745013623187
glove100,10,14620,0.2445203574656437,0.24469745013623187
glove100,10,14640,0.2445312368555638,0.24469745013623187
glove100,10,14660,0.24455167071624906,0.24469745013623187
glove100,10,14680,0.24454148670426,0.24469745013623187
glove100,10,14700,0.24453026824156515,0.24469745013623187
glove100,10,14720,0.24451990817946917,0.24469745013623187
glove100,10,14740,0.24451790924369135,0.24469745013623187
glove100,10,14760,0.24453829881730862,0.24469745013623187
glove100,10,14780,0.24454989852819223,0.24469745013623187
glove100,10,14800,0.2445445809639365,0.24469745013623187
glove100,10,14820,0.24454346411249578,0.24469745013623187
glove100,10,14840,0.2445470077209464,0.24469745013623187
glove100,10,14860,0.24454252018741543,0.24469745013623187
glove100,10,14880,0.24455017619913558,0.24469745013623187
glove100,10,14900,0.2445367103523455,0.24469745013623187
glove100,10,14920,0.24454054424700178,0.24469745013623187
glove100,10,14940,0.24453817779252468,0.24469745013623187
glove100,10,14960,0.2445248036415647,0.24469745013623187
glove100,10,14980,0.24452232669984436,0.24469745013623187
glove100,10,15000,0.24454158413738722,0.24469745013623187
glove100,10,15020,0.24453954645474052,0.24469745013623187
glove100,10,15040,0.2445222601565026,0.24469745013623187
glove100,10,15060,0.24454244337724165,0.24469745013623187
glove100,10,15080,0.2445499280597605,0.24469745013623187
glove100,10,15100,0.2445464260347792,0.24469745013623187
glove100,10,15120,0.24455458193970736,0.24469745013623187
glove100,10,15140,0.24456326281373336,0.24469745013623187
glove100,10,15160,0.24455704183989832,0.24469745013623187
glove100,10,15180,0.2445609313712873,0.24469745013623187
glove100,10,15200,0.24456545551892228,0.24469745013623187
glove100,10,15220,0.24455331226752589,0.24469745013623187
glove100,10,15240,0.2445516096510789,0.24469745013623187
glove100,10,15260,0.24455832758482937,0.24469745013623187
glove100,10,15280,0.2445470510120852,0.24469745013623187
glove100,10,15300,0.24454319670027003,0.24469745013623187
glove100,10,15320,0.24454579801222215,0.24469745013623187
glove100,10,15340,0.24454607847211343,0.24469745013623187
glove100,10,15360,0.2445539645975382,0.24469745013623187
glove100,10,15380,0.24454040782444972,0.24469745013623187
glove100,10,15400,0.24454601064567819,0.24469745013623187
glove100,10,15420,0.24454716717468147,0.24469745013623187
glove100,10,15440,0.24454410398449536,0.24469745013623187
glove100,10,15460,0.24455041546031347,0.24469745013623187
glove100,10,15480,0.24453881096511682,0.24469745013623187
glove100,10,15500,0.24454216263796788,0.24469745013623187
glove100,10,15520,0.24452987333183646,0.24469745013623187
glove100,10,15540,0.24453496314382617,0.24469745013623187
glove100,10,15560,0.24453538013016804,0.24469745013623187
glove100,10,15580,0.24453338259451451,0.24469745013623187
glove100,10,15600,0.24451659597580527,0.24469745013623187
glove100,10,15620,0.24452599965910932,0.24469745013623187
glove100,50,20,0.5223378902015171,0.6752137891049945
glove100,50,40,0.5392425700170512,0.6752137891049945
glove100,50,60,0.5518505020710271,0.6752137891049945
glove100,50,80,0.5615839144454388,0.6752137891049945
glove100,50,100,0.5694715301184897,0.6752137891049945
glove100,50,120,0.5760385599298152,0.6752137891049945
glove100,50,140,0.5817479507568776,0.6752137891049945
glove100,50,160,0.5867854980467171,0.6752137891049945
glove100,50,180,0.5914033164260871,0.6752137891049945
glove100,50,200,0.5956085184979861,0.6752137891049945
glove100,50,220,0.5996078593158226,0.6752137891049945
glove100,50,240,0.6032545431170643,0.6752137891049945
glove100,50,260,0.6067516812650027,0.6752137891049945
glove100,50,280,0.6099328733597368,0.6752137891049945
glove100,50,300,0.6129341694124307,0.6752137891049945
glove100,50,320,0.6157075125416744,0.6752137891049945
glove100,50,340,0.6182592979894835,0.6752137891049945
glove100,50,360,0.6207405190563041,0.6752137891049945
glove100,50,380,0.6230595700803844,0.6752137891049945
glove100,50,400,0.6252616370807814,0.6752137891049945
glove100,50,420,0.6273552026195963,0.6752137891049945
glove100,50,440,0.6293261970364988,0.6752137891049945
glove100,50,460,0.631204068742623,0.6752137891049945
glove100,50,480,0.6329597570516683,0.6752137891049945
glove100,50,500,0.6346621459873482,0.6752137891049945
glove100,50,520,0.6361908493222427,0.6752137891049945
glove100,50,540,0.6377155893372597,0.6752137891049945
glove100,50,560,0.6391384599955875,0.6752137891049945
glove100,50,580,0.6404897969820179,0.6752137891049945
glove100,50,600,0.6417793173382419,0.6752137891049945
glove100,50,620,0.6430219132492757,0.6752137891049945
glove100,50,640,0.6442088847639795,0.6752137891049945
glove100,50,660,0.6453482600677295,0.6752137891049945
glove100,50,680,0.6464099231688594,0.6752137891049945
glove100,50,700,0.6474101767939477,0.6752137891049945
glove100,50,720,0.6483537214480579,0.6752137891049945
glove100,50,740,0.6492656229077874,0.6752137891049945
glove100,50,760,0.6501600110251443,0.6752137891049945
glove100,50,780,0.6510071193630238,0.6752137891049945
glove100,50,800,0.6518123584440743,0.6752137891049945
glove100,50,820,0.6525240168017694,0.6752137891049945
glove100,50,840,0.6532675096520257,0.6752137891049945
glove100,50,860,0.6539545364518846,0.6752137891049945
glove100,50,880,0.6546077877382898,0.6752137891049945
glove100,50,900,0.655251511571451,0.6752137891049945
glove100,50,920,0.6558343510538334,0.6752137891049945
glove100,50,940,0.6564200908404977,0.6752137891049945
glove100,50,960,0.6569584550243631,0.6752137891049945
glove100,50,980,0.6575037642665442,0.6752137891049945
glove100,50,1000,0.6579902977195585,0.6752137891049945
glove100,50,1020,0.6584896994330183,0.6752137891049945
glove100,50,1040,0.6589624433296674,0.6752137891049945
glove100,50,1060,0.6594193659299424,0.6752137891049945
glove100,50,1080,0.6598718676292562,0.6752137891049945
glove100,50,1100,0.6602596465831494,0.6752137891049945
glove100,50,1120,0.6606626128346579,0.6752137891049945
glove100,50,1140,0.6610463753432165,0.6752137891049945
glove100,50,1160,0.6614341244259904,0.6752137891049945
glove100,50,1180,0.6618009165598021,0.6752137891049945
glove100,50,1200,0.6621459115289573,0.6752137891049945
glove100,50,1220,0.6624967502402034,0.6752137891049945
glove100,50,1240,0.6628085342398516,0.6752137891049945
glove100,50,1260,0.6631346876259946,0.6752137891049945
glove100,50,1280,0.6634264130076363,0.6752137891049945
glove100,50,1300,0.6637050770289974,0.6752137891049945
glove100,50,1320,0.6639764962859684,0.6752137891049945
glove100,50,1340,0.6642448723953907,0.6752137891049945
glove100,50,1360,0.6645089783564734,0.6752137891049945
glove100,50,1380,0.6647496345935682,0.6752137891049945
glove100,50,1400,0.6650031786521681,0.6752137891049945
glove100,50,1420,0.6652300794759086,0.6752137891049945
glove100,50,1440,0.6654435607568784,0.6752137891049945
glove100,50,1460,0.6656651249875014,0.6752137891049945
glove100,50,1480,0.6658837003867544,0.6752137891049945
glove100,50,1500,0.6660811110450902,0.6752137891049945
glove100,50,1520,0.6662895526471351,0.6752137891049945
glove100,50,1540,0.6664789928252787,0.6752137891049945
glove100,50,1560,0.666673236086783,0.6752137891049945
glove100,50,1580,0.6668356688147046,0.6752137891049945
glove100,50,1600,0.6670098316440093,0.6752137891049945
glove100,50,1620,0.6671712334809804,0.6752137891049945
glove100,50,1640,0.6673294922981075,0.6752137891049945
glove100,50,1660,0.6674954744744864,0.6752137891049945
glove100,50,1680,0.6676359705449795,0.6752137891049945
glove100,50,1700,0.6677722849965482,0.6752137891049945
glove100,50,1720,0.6679005213114322,0.6752137891049945
glove100,50,1740,0.668032550538273,0.6752137891049945
glove100,50,1760,0.6681658573864034,0.6752137891049945
glove100,50,1780,0.668305642878545,0.6752137891049945
glove100,50,1800,0.6684361807847968,0.6752137891049945
glove100,50,1820,0.6685549623356709,0.6752137891049945
glove100,50,1840,0.6686823201163569,0.6752137891049945
glove100,50,1860,0.6687906872835755,0.6752137891049945
glove100,50,1880,0.6689128990287131,0.6752137891049945
glove100,50,1900,0.6690034293104001,0.6752137891049945
glove100,50,1920,0.6691228722258633,0.6752137891049945
glove100,50,1940,0.669233398348212,0.6752137891049945
glove100,50,1960,0.669332535894677,0.6752137891049945
glove100,50,1980,0.6694183125689428,0.6752137891049945
glove100,50,2000,0.6695115366893912,0.6752137891049945
glove100,50,2020,0.6696167495992954,0.6752137891049945
glove100,50,2040,0.6696884868295573,0.6752137891049945
glove100,50,2060,0.6697751467465894,0.6752137891049945
glove100,50,2080,0.6698673334030587,0.6752137891049945
glove100,50,2100,0.6699605716077206,0.6752137891049945
glove100,50,2120,0.6700307046144433,0.6752137891049945
glove100,50,2140,0.6701039367688523,0.6752137891049945
glove100,50,2160,0.670198365029088,0.6752137891049945
glove100,50,2180,0.6702775094756394,0.6752137891049945
glove100,50,2200,0.6703430542830565,0.6752137891049945
glove100,50,2220,0.6704140414029097,0.6752137891049945
glove100,50,2240,0.6704978018071505,0.6752137891049945
glove100,50,2260,0.6705728823147943,0.6752137891049945
glove100,50,2280,0.6706345964098466,0.6752137891049945
glove100,50,2300,0.6707004291746008,0.6752137891049945
glove100,50,2320,0.67076740090158,0.6752137891049945
glove100,50,2340,0.6708227428694834,0.6752137891049945
glove100,50,2360,0.6708824040185865,0.6752137891049945
glove100,50,2380,0.6709356128588542,0.6752137891049945
glove100,50,2400,0.6710027379031352,0.6752137891049945
glove100,50,2420,0.6710606978311926,0.6752137891049945
glove100,50,2440,0.6711068822684335,0.6752137891049945
glove100,50,2460,0.6711674475719804,0.6752137891049945
glove100,50,2480,0.6712357538010779,0.6752137891049945
glove100,50,2500,0.6712958752073498,0.6752137891049945
glove100,50,2520,0.671348146108708,0.6752137891049945
glove100,50,2540,0.6713852997025425,0.6752137891049945
glove100,50,2560,0.6714460982324395,0.6752137891049945
glove100,50,2580,0.6714910643309108,0.6752137891049945
glove100,50,2600,0.6715423233679177,0.6752137891049945
glove100,50,2620,0.6715817174533129,0.6752137891049945
glove100,50,2640,0.6716286943255917,0.6752137891049945
glove100,50,2660,0.6716664487384304,0.6752137891049945
glove100,50,2680,0.671712407695661,0.6752137891049945
glove100,50,2700,0.6717404811074668,0.6752137891049945
glove100,50,2720,0.6717879911599544,0.6752137891049945
glove100,50,2740,0.6718326906331152,0.6752137891049945
glove100,50,2760,0.6718642274282884,0.6752137891049945
glove100,50,2780,0.6718900115253924,0.6752137891049945
glove100,50,2800,0.6719424261221636,0.6752137891049945
glove100,50,2820,0.6719870932905926,0.6752137891049945
glove100,50,2840,0.6720297375723698,0.6752137891049945
glove100,50,2860,0.6720538971343399,0.6752137891049945
glove100,50,2880,0.6720910728982872,0.6752137891049945
glove100,50,2900,0.6721153150351173,0.6752137891049945
glove100,50,2920,0.6721464571527199,0.6752137891049945
glove100,50,2940,0.6721819020384565,0.6752137891049945
glove100,50,2960,0.6721992059130804,0.6752137891049945
glove100,50,2980,0.6722296411529056,0.6752137891049945
glove100,50,3000,0.672268184560211,0.6752137891049945
glove100,50,3020,0.6722966212182175,0.6752137891049945
glove100,50,3040,0.6723309482779154,0.6752137891049945
glove100,50,3060,0.6723625828442602,0.6752137891049945
glove100,50,3080,0.6723879777816707,0.6752137891049945
glove100,50,3100,0.6724227429102233,0.6752137891049945
glove100,50,3120,0.6724486924671562,0.6752137891049945
glove100,50,3140,0.6724615331345001,0.6752137891049945
glove100,50,3160,0.6724839999817397,0.6752137891049945
glove100,50,3180,0.6724943189996507,0.6752137891049945
glove100,50,3200,0.6725062205738258,0.6752137891049945
glove100,50,3220,0.6725380509207107,0.6752137891049945
glove100,50,3240,0.6725661813495369,0.6752137891049945
glove100,50,3260,0.6725925333716721,0.6752137891049945
glove100,50,3280,0.6726161795127423,0.6752137891049945
glove100,50,3300,0.672641613489219,0.6752137891049945
glove100,50,3320,0.6726507249730762,0.6752137891049945
glove100,50,3340,0.6726708455648672,0.6752137891049945
glove100,50,3360,0.6726831101350892,0.6752137891049945
glove100,50,3380,0.6727075069995287,0.6752137891049945
glove100,50,3400,0.672735438421575,0.6752137891049945
glove100,50,3420,0.6727579283139836,0.6752137891049945
glove100,50,3440,0.6727841742340157,0.6752137891049945
glove100,50,3460,0.6728012229598339,0.6752137891049945
glove100,50,3480,0.672822128426046,0.6752137891049945
glove100,50,3500,0.6728451009184202,0.6752137891049945
glove100,50,3520,0.6728586684789591,0.6752137891049945
glove100,50,3540,0.6728906741340613,0.6752137891049945
glove100,50,3560,0.6728980707244482,0.6752137891049945
glove100,50,3580,0.672919429532404,0.6752137891049945
glove100,50,3600,0.6729560621696312,0.6752137891049945
glove100,50,3620,0.672962795589703,0.6752137891049945
glove100,50,3640,0.6729774417936544,0.6752137891049945
glove100,50,3660,0.6730008878314483,0.6752137891049945
glove100,50,3680,0.6730167058825444,0.6752137891049945
glove100,50,3700,0.673026410961379,0.6752137891049945
glove100,50,3720,0.6730344958659075,0.6752137891049945
glove100,50,3740,0.6730526398235837,0.6752137891049945
glove100,50,3760,0.673063134429957,0.6752137891049945
glove100,50,3780,0.6730954763749107,0.6752137891049945
glove100,50,3800,0.6731069658051373,0.6752137891049945
glove100,50,3820,0.6731232991497997,0.6752137891049945
glove100,50,3840,0.6731192633638599,0.6752137891049945
glove100,50,3860,0.6731423107849424,0.6752137891049945
glove100,50,3880,0.6731624413813411,0.6752137891049945
glove100,50,3900,0.6731830417661868,0.6752137891049945
glove100,50,3920,0.6732040608078035,0.6752137891049945
glove100,50,3940,0.673219152911447,0.6752137891049945
glove100,50,3960,0.6732331253114544,0.6752137891049945
glove100,50,3980,0.6732384197458616,0.6752137891049945
glove100,50,4000,0.6732645072923399,0.6752137891049945
glove100,50,4020,0.6732682206385964,0.6752137891049945
glove100,50,4040,0.6732767274379321,0.6752137891049945
glove100,50,4060,0.6732943721175023,0.6752137891049945
glove100,50,4080,0.6733133836631896,0.6752137891049945
glove100,50,4100,0.673335275000883,0.6752137891049945
glove100,50,4120,0.6733492214442062,0.6752137891049945
glove100,50,4140,0.6733645930585703,0.6752137891049945
glove100,50,4160,0.6733638908522958,0.6752137891049945
glove100,50,4180,0.6733833280904454,0.6752137891049945
glove100,50,4200,0.6734008241256202,0.6752137891049945
glove100,50,4220,0.673413858096158,0.6752137891049945
glove100,50,4240,0.6734123365533147,0.6752137891049945
glove100,50,4260,0.673428537778145,0.6752137891049945
glove100,50,4280,0.6734364002288067,0.6752137891049945
glove100,50,4300,0.6734454600829557,0.6752137891049945
glove100,50,4320,0.6734664185723513,0.6752137891049945
glove100,50,4340,0.673482827273891,0.6752137891049945
glove100,50,4360,0.6734931615674496,0.6752137891049945
glove100,50,4380,0.6735069876995804,0.6752137891049945
glove100,50,4400,0.6735289591374992,0.6752137891049945
glove100,50,4420,0.6735418540456946,0.6752137891049945
glove100,50,4440,0.6735469192087817,0.6752137891049945
glove100,50,4460,0.6735521504688468,0.6752137891049945
glove100,50,4480,0.6735664538563315,0.6752137891049945
glove100,50,4500,0.6735838775339172,0.6752137891049945
glove100,50,4520,0.6735931805330285,0.6752137891049945
glove100,50,4540,0.6736180663606031,0.6752137891049945
glove100,50,4560,0.6736251818234427,0.6752137891049945
glove100,50,4580,0.6736313349639732,0.6752137891049945
glove100,50,4600,0.6736424452043447,0.6752137891049945
glove100,50,4620,0.6736474566623843,0.6752137891049945
glove100,50,4640,0.6736536149031788,0.6752137891049945
glove100,50,4660,0.673661048303159,0.6752137891049945
glove100,50,4680,0.6736719957754302,0.6752137891049945
glove100,50,4700,0.673686624677478,0.6752137891049945
glove100,50,4720,0.6736819950985178,0.6752137891049945
glove100,50,4740,0.6736778256551974,0.6752137891049945
glove100,50,4760,0.6736706663944163,0.6752137891049945
glove100,50,4780,0.6736813209951623,0.6752137891049945
glove100,50,4800,0.6736908763243361,0.6752137891049945
glove100,50,4820,0.6737092061950473,0.6752137891049945
glove100,50,4840,0.6737051084726511,0.6752137891049945
glove100,50,4860,0.6737085633805119,0.6752137891049945
glove100,50,4880,0.6737136396255917,0.6752137891049945
glove100,50,4900,0.6737251127867145,0.6752137891049945
glove100,50,4920,0.6737355464478083,0.6752137891049945
glove100,50,4940,0.6737485119080415,0.6752137891049945
glove100,50,4960,0.6737495785371066,0.6752137891049945
glove100,50,4980,0.6737575894561978,0.6752137891049945
glove100,50,5000,0.6737535841412029,0.6752137891049945
glove100,50,5020,0.6737658774724399,0.6752137891049945
glove100,50,5040,0.6737782224729991,0.6752137891049945
glove100,50,5060,0.673789792073731,0.6752137891049945
glove100,50,5080,0.6738015254985797,0.6752137891049945
glove100,50,5100,0.6738132448820826,0.6752137891049945
glove100,50,5120,0.6738246039395887,0.6752137891049945
glove100,50,5140,0.6738288181357664,0.6752137891049945
glove100,50,5160,0.6738337626583196,0.6752137891049945
glove100,50,5180,0.6738432407717985,0.6752137891049945
glove100,50,5200,0.6738546358468778,0.6752137891049945
glove100,50,5220,0.6738476539324719,0.6752137891049945
glove100,50,5240,0.673858636318103,0.6752137891049945
glove100,50,5260,0.6738784631620539,0.6752137891049945
glove100,50,5280,0.6738900056842202,0.6752137891049945
glove100,50,5300,0.6739097433873551,0.6752137891049945
glove100,50,5320,0.6739139171270679,0.6752137891049945
glove100,50,5340,0.6739248055247722,0.6752137891049945
glove100,50,5360,0.6739320876884426,0.6752137891049945
glove100,50,5380,0.6739385103861367,0.6752137891049945
glove100,50,5400,0.6739472242345012,0.6752137891049945
glove100,50,5420,0.6739533675638575,0.6752137891049945
glove100,50,5440,0.6739712734525122,0.6752137891049945
glove100,50,5460,0.6739821570050709,0.6752137891049945
glove100,50,5480,0.6739800651519764,0.6752137891049945
glove100,50,5500,0.6739882131235989,0.6752137891049945
glove100,50,5520,0.6739934081908724,0.6752137891049945
glove100,50,5540,0.674005518611026,0.6752137891049945
glove100,50,5560,0.674016829305938,0.6752137891049945
glove100,50,5580,0.6740211088260339,0.6752137891049945
glove100,50,5600,0.6740233202921614,0.6752137891049945
glove100,50,5620,0.6740357966227526,0.6752137891049945
glove100,50,5640,0.6740361738495078,0.6752137891049945
glove100,50,5660,0.674033803555375,0.6752137891049945
glove100,50,5680,0.6740451921942797,0.6752137891049945
glove100,50,5700,0.6740558677251174,0.6752137891049945
glove100,50,5720,0.6740572954771115,0.6752137891049945
glove100,50,5740,0.6740696328624508,0.6752137891049945
glove100,50,5760,0.6740773363132997,0.6752137891049945
glove100,50,5780,0.6740854287857181,0.6752137891049945
glove100,50,5800,0.6740855203939169,0.6752137891049945
glove100,50,5820,0.6740988387958697,0.6752137891049945
glove100,50,5840,0.674108020472394,0.6752137891049945
glove100,50,5860,0.6741134313120876,0.6752137891049945
glove100,50,5880,0.6741200756261124,0.6752137891049945
glove100,50,5900,0.6741275377962374,0.6752137891049945
glove100,50,5920,0.6741441687936587,0.6752137891049945
glove100,50,5940,0.6741556116810196,0.6752137891049945
glove100,50,5960,0.6741605736573024,0.6752137891049945
glove100,50,5980,0.6741614207231855,0.6752137891049945
glove100,50,6000,0.674160316562025,0.6752137891049945
glove100,50,6020,0.6741649182099926,0.6752137891049945
glove100,50,6040,0.6741745765018669,0.6752137891049945
glove100,50,6060,0.6741758159467138,0.6752137891049945
glove100,50,6080,0.6741879673952232,0.6752137891049945
glove100,50,6100,0.6741808628020577,0.6752137891049945
glove100,50,6120,0.6741933621318016,0.6752137891049945
glove100,50,6140,0.674204745783884,0.6752137891049945
glove100,50,6160,0.6742076064116987,0.6752137891049945
glove100,50,6180,0.6742287176209033,0.6752137891049945
glove100,50,6200,0.6742308924568092,0.6752137891049945
glove100,50,6220,0.6742381539944078,0.6752137891049945
glove100,50,6240,0.6742453861250294,0.6752137891049945
glove100,50,6260,0.6742371530636254,0.6752137891049945
glove100,50,6280,0.6742425973163381,0.6752137891049945
glove100,50,6300,0.6742424944531669,0.6752137891049945
glove100,50,6320,0.674242374485566,0.6752137891049945
glove100,50,6340,0.6742387974586957,0.6752137891049945
glove100,50,6360,0.6742458811711475,0.6752137891049945
glove100,50,6380,0.6742412917883072,0.6752137891049945
glove100,50,6400,0.6742399036381563,0.6752137891049945
glove100,50,6420,0.6742326551820568,0.6752137891049945
glove100,50,6440,0.6742293942198583,0.6752137891049945
glove100,50,6460,0.6742311779598716,0.6752137891049945
glove100,50,6480,0.6742551883956703,0.6752137891049945
glove100,50,6500,0.6742501327680368,0.6752137891049945
glove100,50,6520,0.6742594406847744,0.6752137891049945
glove100,50,6540,0.6742602143085707,0.6752137891049945
glove100,50,6560,0.6742667110673678,0.6752137891049945
glove100,50,6580,0.6742681018025893,0.6752137891049945
glove100,50,6600,0.674275172072992,0.6752137891049945
glove100,50,6620,0.6742851163034049,0.6752137891049945
glove100,50,6640,0.6742897183290026,0.6752137891049945
glove100,50,6660,0.6742990165835041,0.6752137891049945
glove100,50,6680,0.6742980838073664,0.6752137891049945
glove100,50,6700,0.6743001474738015,0.6752137891049945
glove100,50,6720,0.6743029267533249,0.6752137891049945
glove100,50,6740,0.6743173528008364,0.6752137891049945
glove100,50,6760,0.6743278315319003,0.6752137891049945
glove100,50,6780,0.6743216776084928,0.6752137891049945
glove100,50,6800,0.6743304935256116,0.6752137891049945
glove100,50,6820,0.6743274362379125,0.6752137891049945
glove100,50,6840,0.6743364369902786,0.6752137891049945
glove100,50,6860,0.6743413279987459,0.6752137891049945
glove100,50,6880,0.6743492575375336,0.6752137891049945
glove100,50,6900,0.6743471253248968,0.6752137891049945
glove100,50,6920,0.674351713910481,0.6752137891049945
glove100,50,6940,0.674361300238562,0.6752137891049945
glove100,50,6960,0.6743667799523161,0.6752137891049945
glove100,50,6980,0.6743689379608315,0.6752137891049945
glove100,50,7000,0.6743710902237653,0.6752137891049945
glove100,50,7020,0.6743830895548533,0.6752137891049945
glove100,50,7040,0.6743788842071615,0.6752137891049945
glove100,50,7060,0.674387720180879,0.6752137891049945
glove100,50,7080,0.6743826526855452,0.6752137891049945
glove100,50,7100,0.6744022748946173,0.6752137891049945
glove100,50,7120,0.6744048876002557,0.6752137891049945
glove100,50,7140,0.6744055042716817,0.6752137891049945
glove100,50,7160,0.6744097242819498,0.6752137891049945
glove100,50,7180,0.67441872704536,0.6752137891049945
glove100,50,7200,0.6744261957319457,0.6752137891049945
glove100,50,7220,0.6744296514935649,0.6752137891049945
glove100,50,7240,0.6744324246346115,0.6752137891049945
glove100,50,7260,0.6744346714671945,0.6752137891049945
glove100,50,7280,0.6744383457924185,0.6752137891049945
glove100,50,7300,0.6744440697135791,0.6752137891049945
glove100,50,7320,0.6744384865172286,0.6752137891049945
glove100,50,7340,0.6744432881926425,0.6752137891049945
glove100,50,7360,0.674449206522232,0.6752137891049945
glove100,50,7380,0.6744691251756302,0.6752137891049945
glove100,50,7400,0.6744809976008005,0.6752137891049945
glove100,50,7420,0.6744812937132107,0.6752137891049945
glove100,50,7440,0.6744867653512345,0.6752137891049945
glove100,50,7460,0.674484821495924,0.6752137891049945
glove100,50,7480,0.6744963464238323,0.6752137891049945
glove100,50,7500,0.6744927071340902,0.6752137891049945
glove100,50,7520,0.6744927336119795,0.6752137891049945
glove100,50,7540,0.6744932336305478,0.6752137891049945
glove100,50,7560,0.6745138639515862,0.6752137891049945
glove100,50,7580,0.6745121085326456,0.6752137891049945
glove100,50,7600,0.6745175261009078,0.6752137891049945
glove100,50,7620,0.6745104897187593,0.6752137891049945
glove100,50,7640,0.6745178475582863,0.6752137891049945
glove100,50,7660,0.674524238832092,0.6752137891049945
glove100,50,7680,0.6745317964720863,0.6752137891049945
glove100,50,7700,0.6745320621105273,0.6752137891049945
glove100,50,7720,0.6745386244650566,0.6752137891049945
glove100,50,7740,0.6745355648846588,0.6752137891049945
glove100,50,7760,0.674536356220884,0.6752137891049945
glove100,50,7780,0.6745473555190808,0.6752137891049945
glove100,50,7800,0.6745510614261325,0.6752137891049945
glove100,50,7820,0.674548808239444,0.6752137891049945
glove100,50,7840,0.6745474452152722,0.6752137891049945
glove100,50,7860,0.674544552555912,0.6752137891049945
glove100,50,7880,0.6745428917478444,0.6752137891049945
glove100,50,7900,0.674530342624409,0.6752137891049945
glove100,50,7920,0.6745258669256964,0.6752137891049945
glove100,50,7940,0.6745239999041165,0.6752137891049945
glove100,50,7960,0.6745193862303843,0.6752137891049945
glove100,50,7980,0.6745247044800167,0.6752137891049945
glove100,50,8000,0.6745170556227059,0.6752137891049945
glove100,50,8020,0.6745359588664822,0.6752137891049945
glove100,50,8040,0.6745273107945834,0.6752137891049945
glove100,50,8060,0.674535421283237,0.6752137891049945
glove100,50,8080,0.6745352081649715,0.6752137891049945
glove100,50,8100,0.6745308097021012,0.6752137891049945
glove100,50,8120,0.6745405321639693,0.6752137891049945
glove100,50,8140,0.6745503394573696,0.6752137891049945
glove100,50,8160,0.6745537500844351,0.6752137891049945
glove100,50,8180,0.6745598888345113,0.6752137891049945
glove100,50,8200,0.6745500796086833,0.6752137891049945
glove100,50,8220,0.6745417831819795,0.6752137891049945
glove100,50,8240,0.6745496777179794,0.6752137891049945
glove100,50,8260,0.6745533671854437,0.6752137891049945
glove100,50,8280,0.6745615460557152,0.6752137891049945
glove100,50,8300,0.6745579079646089,0.6752137891049945
glove100,50,8320,0.6745671837859885,0.6752137891049945
glove100,50,8340,0.6745620236275275,0.6752137891049945
glove100,50,8360,0.6745626849262023,0.6752137891049945
glove100,50,8380,0.6745722324353661,0.6752137891049945
glove100,50,8400,0.6745735035038758,0.6752137891049945
glove100,50,8420,0.6745694961531561,0.6752137891049945
glove100,50,8440,0.6745731721951768,0.6752137891049945
glove100,50,8460,0.6745884435756092,0.6752137891049945
glove100,50,8480,0.6746048385664881,0.6752137891049945
glove100,50,8500,0.6745959362623062,0.6752137891049945
glove100,50,8520,0.6746015479004643,0.6752137891049945
glove100,50,8540,0.6745975834793119,0.6752137891049945
glove100,50,8560,0.6745879832368651,0.6752137891049945
glove100,50,8580,0.6745928517497154,0.6752137891049945
glove100,50,8600,0.674595438696675,0.6752137891049945
glove100,50,8620,0.6746116788994,0.6752137891049945
glove100,50,8640,0.6746114207775613,0.6752137891049945
glove100,50,8660,0.6746175681114626,0.6752137891049945
glove100,50,8680,0.674615048194573,0.6752137891049945
glove100,50,8700,0.6746158896385858,0.6752137891049945
glove100,50,8720,0.6746116299479115,0.6752137891049945
glove100,50,8740,0.6746216147118733,0.6752137891049945
glove100,50,8760,0.6746154199145311,0.6752137891049945
glove100,50,8780,0.6746275906649588,0.6752137891049945
glove100,50,8800,0.6746397278077627,0.6752137891049945
glove100,50,8820,0.6746380953755831,0.6752137891049945
glove100,50,8840,0.6746391831982376,0.6752137891049945
glove100,50,8860,0.6746447194677491,0.6752137891049945
glove100,50,8880,0.6746450441700083,0.6752137891049945
glove100,50,8900,0.6746481271858485,0.6752137891049945
glove100,50,8920,0.6746477199657447,0.6752137891049945
glove100,50,8940,0.6746531743247185,0.6752137891049945
glove100,50,8960,0.674652973598602,0.6752137891049945
glove100,50,8980,0.674662739535411,0.6752137891049945
glove100,50,9000,0.6746574459205714,0.6752137891049945
glove100,50,9020,0.6746540019594134,0.6752137891049945
glove100,50,9040,0.6746637269018998,0.6752137891049945
glove100,50,9060,0.6746702956219695,0.6752137891049945
glove100,50,9080,0.6746726983531284,0.6752137891049945
glove100,50,9100,0.674666800399932,0.6752137891049945
glove100,50,9120,0.674657162045435,0.6752137891049945
glove100,50,9140,0.6746708512822562,0.6752137891049945
glove100,50,9160,0.6746741146004607,0.6752137891049945
glove100,50,9180,0.6746629312058315,0.6752137891049945
glove100,50,9200,0.6746761598543471,0.6752137891049945
glove100,50,9220,0.6746788495556882,0.6752137891049945
glove100,50,9240,0.674678717080445,0.6752137891049945
glove100,50,9260,0.6746887288207326,0.6752137891049945
glove100,50,9280,0.6746894933531209,0.6752137891049945
glove100,50,9300,0.6746990072733585,0.6752137891049945
glove100,50,9320,0.6746979476649864,0.6752137891049945
glove100,50,9340,0.6746939776888402,0.6752137891049945
glove100,50,9360,0.6746915161752787,0.6752137891049945
glove100,50,9380,0.6746954920081655,0.6752137891049945
glove100,50,9400,0.6746875551107963,0.6752137891049945
glove100,50,9420,0.6746681735469384,0.6752137891049945
glove100,50,9440,0.6746684968300561,0.6752137891049945
glove100,50,9460,0.6746744707790517,0.6752137891049945
glove100,50,9480,0.6746682815432999,0.6752137891049945
glove100,50,9500,0.6746697838337514,0.6752137891049945
glove100,50,9520,0.6746554201485223,0.6752137891049945
glove100,50,9540,0.6746597900318116,0.6752137891049945
glove100,50,9560,0.6746681805308581,0.6752137891049945
glove100,50,9580,0.6746620306882884,0.6752137891049945
glove100,50,9600,0.6746491049144885,0.6752137891049945
glove100,50,9620,0.6746479059814261,0.6752137891049945
glove100,50,9640,0.6746459669768293,0.6752137891049945
glove100,50,9660,0.6746509498677055,0.6752137891049945
glove100,50,9680,0.6746548266808793,0.6752137891049945
glove100,50,9700,0.6746727970522972,0.6752137891049945
glove100,50,9720,0.6746728958771346,0.6752137891049945
glove100,50,9740,0.6746760565793878,0.6752137891049945
glove100,50,9760,0.6746807321569928,0.6752137891049945
glove100,50,9780,0.674681690918231,0.6752137891049945
glove100,50,9800,0.674693035300866,0.6752137891049945
glove100,50,9820,0.6746902499299611,0.6752137891049945
glove100,50,9840,0.6746802603648804,0.6752137891049945
glove100,50,9860,0.6746905310107164,0.6752137891049945
glove100,50,9880,0.6746965026183215,0.6752137891049945
glove100,50,9900,0.6746960262182479,0.6752137891049945
glove100,50,9920,0.6746880852454021,0.6752137891049945
glove100,50,9940,0.6746856174973009,0.6752137891049945
glove100,50,9960,0.6746843111498095,0.6752137891049945
glove100,50,9980,0.6746887896127207,0.6752137891049945
glove100,50,10000,0.6746906960207533,0.6752137891049945
glove100,50,10020,0.6746952018475751,0.6752137891049945
glove100,50,10040,0.6746958112360872,0.6752137891049945
glove100,50,10060,0.6746995455492358,0.6752137891049945
glove100,50,10080,0.6746988747088498,0.6752137891049945
glove100,50,10100,0.6747158028437246,0.6752137891049945
glove100,50,10120,0.6747109816188568,0.6752137891049945
glove100,50,10140,0.674715057958015,0.6752137891049945
glove100,50,10160,0.6747192867227962,0.6752137891049945
glove100,50,10180,0.6747149355667033,0.6752137891049945
glove100,50,10200,0.6747171288312132,0.6752137891049945
glove100,50,10220,0.6747200084995829,0.6752137891049945
glove100,50,10240,0.6747291473585554,0.6752137891049945
glove100,50,10260,0.6747254970303975,0.6752137891049945
glove100,50,10280,0.6747268008932293,0.6752137891049945
glove100,50,10300,0.6747302647201728,0.6752137891049945
glove100,50,10320,0.6747243544720496,0.6752137891049945
glove100,50,10340,0.6747223125232439,0.6752137891049945
glove100,50,10360,0.674729349397858,0.6752137891049945
glove100,50,10380,0.674737816916045,0.6752137891049945
glove100,50,10400,0.6747292534602025,0.6752137891049945
glove100,50,10420,0.6747255817209546,0.6752137891049945
glove100,50,10440,0.6747265183576339,0.6752137891049945
glove100,50,10460,0.6747284184458606,0.6752137891049945
glove100,50,10480,0.6747349459192691,0.6752137891049945
glove100,50,10500,0.6747323733551369,0.6752137891049945
glove100,50,10520,0.6747495255763879,0.6752137891049945
glove100,50,10540,0.6747413081775323,0.6752137891049945
glove100,50,10560,0.6747458904049386,0.6752137891049945
glove100,50,10580,0.6747466688199061,0.6752137891049945
glove100,50,10600,0.6747506056722798,0.6752137891049945
glove100,50,10620,0.6747421589075254,0.6752137891049945
glove100,50,10640,0.6747594221735751,0.6752137891049945
glove100,50,10660,0.6747512590793552,0.6752137891049945
glove100,50,10680,0.6747626890272195,0.6752137891049945
glove100,50,10700,0.6747555740456503,0.6752137891049945
glove100,50,10720,0.6747611976440865,0.6752137891049945
glove100,50,10740,0.6747618526276572,0.6752137891049945
glove100,50,10760,0.6747609958511797,0.6752137891049945
glove100,50,10780,0.6747604973866268,0.6752137891049945
glove100,50,10800,0.6747622923302637,0.6752137891049945
glove100,50,10820,0.674760301576983,0.6752137891049945
glove100,50,10840,0.6747496719410221,0.6752137891049945
glove100,50,10860,0.6747649432596317,0.6752137891049945
glove100,50,10880,0.6747603463930993,0.6752137891049945
glove100,50,10900,0.6747703721866755,0.6752137891049945
glove100,50,10920,0.6747702529419941,0.6752137891049945
glove100,50,10940,0.6747678291810584,0.6752137891049945
glove100,50,10960,0.6747481836595949,0.6752137891049945
glove100,50,10980,0.6747485063730551,0.6752137891049945
glove100,50,11000,0.6747469099260546,0.6752137891049945
glove100,50,11020,0.6747350926913473,0.6752137891049945
glove100,50,11040,0.6747353182463123,0.6752137891049945
glove100,50,11060,0.6747329568340067,0.6752137891049945
glove100,50,11080,0.6747329440247709,0.6752137891049945
glove100,50,11100,0.6747365585721966,0.6752137891049945
glove100,50,11120,0.6747358084907903,0.6752137891049945
glove100,50,11140,0.6747399375501156,0.6752137891049945
glove100,50,11160,0.6747263064632988,0.6752137891049945
glove100,50,11180,0.6747332043813596,0.6752137891049945
glove100,50,11200,0.6747290375573681,0.6752137891049945
glove100,50,11220,0.6747361545875871,0.6752137891049945
glove100,50,11240,0.67473440296168,0.6752137891049945
glove100,50,11260,0.6747322975247223,0.6752137891049945
glove100,50,11280,0.6747335500005728,0.6752137891049945
glove100,50,11300,0.6747303175168788,0.6752137891049945
glove100,50,11320,0.6747352319914762,0.6752137891049945
glove100,50,11340,0.6747349704730955,0.6752137891049945
glove100,50,11360,0.6747405118835693,0.6752137891049945
glove100,50,11380,0.6747501937454342,0.6752137891049945
glove100,50,11400,0.6747452100646953,0.6752137891049945
glove100,50,11420,0.6747469497975701,0.6752137891049945
glove100,50,11440,0.6747507585116646,0.6752137891049945
glove100,50,11460,0.6747426679133479,0.6752137891049945
glove100,50,11480,0.6747214583665206,0.6752137891049945
glove100,50,11500,0.674725362852778,0.6752137891049945
glove100,50,11520,0.6747264624938463,0.6752137891049945
glove100,50,11540,0.6747347688311703,0.6752137891049945
glove100,50,11560,0.6747462711727474,0.6752137891049945
glove100,50,11580,0.6747524566591013,0.6752137891049945
glove100,50,11600,0.6747471642046124,0.6752137891049945
glove100,50,11620,0.6747463957289996,0.6752137891049945
glove100,50,11640,0.6747477236141625,0.6752137891049945
glove100,50,11660,0.6747451162721743,0.6752137891049945
glove100,50,11680,0.6747569350886011,0.6752137891049945
glove100,50,11700,0.6747569758861767,0.6752137891049945
glove100,50,11720,0.6747534516792983,0.6752137891049945
glove100,50,11740,0.6747527192507201,0.6752137891049945
glove100,50,11760,0.6747602323310611,0.6752137891049945
glove100,50,11780,0.6747696039352895,0.6752137891049945
glove100,50,11800,0.6747681107136144,0.6752137891049945
glove100,50,11820,0.6747723648838978,0.6752137891049945
glove100,50,11840,0.6747671168733633,0.6752137891049945
glove100,50,11860,0.6747618161647098,0.6752137891049945
glove100,50,11880,0.6747539194691871,0.6752137891049945
glove100,50,11900,0.6747681866956149,0.6752137891049945
glove100,50,11920,0.6747591509645406,0.6752137891049945
glove100,50,11940,0.6747700547410787,0.6752137891049945
glove100,50,11960,0.674761750838336,0.6752137891049945
glove100,50,11980,0.6747694981026645,0.6752137891049945
glove100,50,12000,0.674770027476036,0.6752137891049945
glove100,50,12020,0.6747760557578506,0.6752137891049945
glove100,50,12040,0.6747754405435451,0.6752137891049945
glove100,50,12060,0.6747839429806358,0.6752137891049945
glove100,50,12080,0.6747857869450762,0.6752137891049945
glove100,50,12100,0.6747839722781236,0.6752137891049945
glove100,50,12120,0.674784163231885,0.6752137891049945
glove100,50,12140,0.674778747783781,0.6752137891049945
glove100,50,12160,0.6747864617176544,0.6752137891049945
glove100,50,12180,0.6747878847730926,0.6752137891049945
glove100,50,12200,0.6747778930971103,0.6752137891049945
glove100,50,12220,0.6747814661714754,0.6752137891049945
glove100,50,12240,0.6747868640771153,0.6752137891049945
glove100,50,12260,0.6747895020007146,0.6752137891049945
glove100,50,12280,0.6747934361393716,0.6752137891049945
glove100,50,12300,0.6747942665889435,0.6752137891049945
glove100,50,12320,0.6747839361156952,0.6752137891049945
glove100,50,12340,0.6747932024590881,0.6752137891049945
glove100,50,12360,0.6747948817933702,0.6752137891049945
glove100,50,12380,0.6747874389495541,0.6752137891049945
glove100,50,12400,0.6748015099433172,0.6752137891049945
glove100,50,12420,0.6748070752775824,0.6752137891049945
glove100,50,12440,0.6748142786427824,0.6752137891049945
glove100,50,12460,0.6748195839283427,0.6752137891049945
glove100,50,12480,0.6748220255130646,0.6752137891049945
glove100,50,12500,0.6748216715238526,0.6752137891049945
glove100,50,12520,0.6748055603244293,0.6752137891049945
glove100,50,12540,0.6748027630165837,0.6752137891049945
glove100,50,12560,0.6747974411632277,0.6752137891049945
glove100,50,12580,0.6747836332924331,0.6752137891049945
glove100,50,12600,0.6747711541129245,0.6752137891049945
glove100,50,12620,0.6747775011427241,0.6752137891049945
glove100,50,12640,0.6747780307512746,0.6752137891049945
glove100,50,12660,0.6747771441645509,0.6752137891049945
glove100,50,12680,0.6747666310531321,0.6752137891049945
glove100,50,12700,0.6747743629663111,0.6752137891049945
glove100,50,12720,0.6747642770881198,0.6752137891049945
glove100,50,12740,0.6747648649290503,0.6752137891049945
glove100,50,12760,0.6747715366881702,0.6752137891049945
glove100,50,12780,0.6747718870017123,0.6752137891049945
glove100,50,12800,0.6747743179000998,0.6752137891049945
glove100,50,12820,0.6747828783834534,0.6752137891049945
glove100,50,12840,0.67476629216803,0.6752137891049945
glove100,50,12860,0.6747593292318618,0.6752137891049945
glove100,50,12880,0.6747566376866297,0.6752137891049945
glove100,50,12900,0.6747588179541875,0.6752137891049945
glove100,50,12920,0.6747709751513039,0.6752137891049945
glove100,50,12940,0.6747759933979025,0.6752137891049945
glove100,50,12960,0.6747645421214526,0.6752137891049945
glove100,50,12980,0.6747664503546454,0.6752137891049945
glove100,50,13000,0.6747708513687539,0.6752137891049945
glove100,50,13020,0.6747735849098473,0.6752137891049945
glove100,50,13040,0.674777379157514,0.6752137891049945
glove100,50,13060,0.6747744939847928,0.6752137891049945
glove100,50,13080,0.6747828653214863,0.6752137891049945
glove100,50,13100,0.6747820363457806,0.6752137891049945
glove100,50,13120,0.6747829360581339,0.6752137891049945
glove100,50,13140,0.6747856936942649,0.6752137891049945
glove100,50,13160,0.6747788361627872,0.6752137891049945
glove100,50,13180,0.6747781021038647,0.6752137891049945
glove100,50,13200,0.6747786661538933,0.6752137891049945
glove100,50,13220,0.6747811379510471,0.6752137891049945
glove100,50,13240,0.6747874581639521,0.6752137891049945
glove100,50,13260,0.6747868377464575,0.6752137891049945
glove100,50,13280,0.6747977153398301,0.6752137891049945
glove100,50,13300,0.6747956950737594,0.6752137891049945
glove100,50,13320,0.6747941918363006,0.6752137891049945
glove100,50,13340,0.6747946096712054,0.6752137891049945
glove100,50,13360,0.6747940748208702,0.6752137891049945
glove100,50,13380,0.6747922982226652,0.6752137891049945
glove100,50,13400,0.6747929118862465,0.6752137891049945
glove100,50,13420,0.6747965919413871,0.6752137891049945
glove100,50,13440,0.6747945845295542,0.6752137891049945
glove100,50,13460,0.6747952194672362,0.6752137891049945
glove100,50,13480,0.6748037433222694,0.6752137891049945
glove100,50,13500,0.6748035236069636,0.6752137891049945
glove100,50,13520,0.6747932163356639,0.6752137891049945
glove100,50,13540,0.6748051846607331,0.6752137891049945
glove100,50,13560,0.6747996250993342,0.6752137891049945
glove100,50,13580,0.6748004018895369,0.6752137891049945
glove100,50,13600,0.6748092883893171,0.6752137891049945
glove100,50,13620,0.6748100286951012,0.6752137891049945
glove100,50,13640,0.6748062244623872,0.6752137891049945
glove100,50,13660,0.6748066021677324,0.6752137891049945
glove100,50,13680,0.6748086249028543,0.6752137891049945
glove100,50,13700,0.6748095990959475,0.6752137891049945
glove100,50,13720,0.6748155792641665,0.6752137891049945
glove100,50,13740,0.6748193979688689,0.6752137891049945
glove100,50,13760,0.6748214115298653,0.6752137891049945
glove100,50,13780,0.6748095114451146,0.6752137891049945
glove100,50,13800,0.6748047486768323,0.6752137891049945
glove100,50,13820,0.6748122898896234,0.6752137891049945
glove100,50,13840,0.6748095980248034,0.6752137891049945
glove100,50,13860,0.6748088450978816,0.6752137891049945
glove100,50,13880,0.6748121328783,0.6752137891049945
glove100,50,13900,0.6748148789349474,0.6752137891049945
glove100,50,13920,0.6748210715799151,0.6752137891049945
glove100,50,13940,0.6748207300785808,0.6752137891049945
glove100,50,13960,0.6748212294989091,0.6752137891049945
glove100,50,13980,0.6748116258542404,0.6752137891049945
glove100,50,14000,0.6748231723122946,0.6752137891049945
glove100,50,14020,0.6748329578352493,0.6752137891049945
glove100,50,14040,0.6748267310891661,0.6752137891049945
glove100,50,14060,0.6748326508552759,0.6752137891049945
glove100,50,14080,0.674818019920956,0.6752137891049945
glove100,50,14100,0.6748097343850622,0.6752137891049945
glove100,50,14120,0.6748018835789746,0.6752137891049945
glove100,50,14140,0.6747897329613084,0.6752137891049945
glove100,50,14160,0.6747939296169222,0.6752137891049945
glove100,50,14180,0.6747968892941048,0.6752137891049945
glove100,50,14200,0.6748028147178319,0.6752137891049945
glove100,50,14220,0.6748073075505203,0.6752137891049945
glove100,50,14240,0.6748012962157286,0.6752137891049945
glove100,50,14260,0.6747896956613673,0.6752137891049945
glove100,50,14280,0.6747828135714287,0.6752137891049945
glove100,50,14300,0.6747771667667383,0.6752137891049945
glove100,50,14320,0.6747749340760478,0.6752137891049945
glove100,50,14340,0.6747825730951853,0.6752137891049945
glove100,50,14360,0.6747834578813723,0.6752137891049945
glove100,50,14380,0.6747767786661482,0.6752137891049945
glove100,50,14400,0.6747669155875979,0.6752137891049945
glove100,50,14420,0.6747683672887201,0.6752137891049945
glove100,50,14440,0.6747719568884236,0.6752137891049945
glove100,50,14460,0.674777746371698,0.6752137891049945
glove100,50,14480,0.6747809444861842,0.6752137891049945
glove100,50,14500,0.6747864846282314,0.6752137891049945
glove100,50,14520,0.6747903742127549,0.6752137891049945
glove100,50,14540,0.6748000078983671,0.6752137891049945
glove100,50,14560,0.6747908432653412,0.6752137891049945
glove100,50,14580,0.6747899121031985,0.6752137891049945
glove100,50,14600,0.6747969906714533,0.6752137891049945
glove100,50,14620,0.6747900475897981,0.6752137891049945
glove100,50,14640,0.6747974291594375,0.6752137891049945
glove100,50,14660,0.6747978668789356,0.6752137891049945
glove100,50,14680,0.6747978462658644,0.6752137891049945
glove100,50,14700,0.6747972814312144,0.6752137891049945
glove100,50,14720,0.6747928232090038,0.6752137891049945
glove100,50,14740,0.6747896828695595,0.6752137891049945
glove100,50,14760,0.6748069973981762,0.6752137891049945
glove100,50,14780,0.6748095258225979,0.6752137891049945
glove100,50,14800,0.6747971157382848,0.6752137891049945
glove100,50,14820,0.6747983359692649,0.6752137891049945
glove100,50,14840,0.6748012516210989,0.6752137891049945
glove100,50,14860,0.6747997855615454,0.6752137891049945
glove100,50,14880,0.674798685152439,0.6752137891049945
glove100,50,14900,0.6747988323900997,0.6752137891049945
glove100,50,14920,0.6747985430736554,0.6752137891049945
glove100,50,14940,0.6748006457291168,0.6752137891049945
glove100,50,14960,0.6747938667995524,0.6752137891049945
glove100,50,14980,0.6747939139701429,0.6752137891049945
glove100,50,15000,0.6748079540108941,0.6752137891049945
glove100,50,15020,0.6748018368823467,0.6752137891049945
glove100,50,15040,0.6747988190966795,0.6752137891049945
glove100,50,15060,0.6748083996308337,0.6752137891049945
glove100,50,15080,0.674812325836643,0.6752137891049945
glove100,50,15100,0.6748167744131006,0.6752137891049945
glove100,50,15120,0.6748212074816415,0.6752137891049945
glove100,50,15140,0.6748245541694406,0.6752137891049945
glove100,50,15160,0.6748297508749161,0.6752137891049945
glove100,50,15180,0.6748228663975232,0.6752137891049945
glove100,50,15200,0.674825841296895,0.6752137891049945
glove100,50,15220,0.6748244329695525,0.6752137891049945
glove100,50,15240,0.6748190033905247,0.6752137891049945
glove100,50,15260,0.6748218041256855,0.6752137891049945
glove100,50,15280,0.6748233972636887,0.6752137891049945
glove100,50,15300,0.6748280022129126,0.6752137891049945
glove100,50,15320,0.6748302150288082,0.6752137891049945
glove100,50,15340,0.6748324045384865,0.6752137891049945
glove100,50,15360,0.6748413231084435,0.6752137891049945
glove100,50,15380,0.6748414898237507,0.6752137891049945
glove100,50,15400,0.6748406070940661,0.6752137891049945
glove100,50,15420,0.6748359625901721,0.6752137891049945
glove100,50,15440,0.6748309726926094,0.6752137891049945
glove100,50,15460,0.6748371439902029,0.6752137891049945
glove100,50,15480,0.674836686401144,0.6752137891049945
glove100,50,15500,0.6748320332289189,0.6752137891049945
glove100,50,15520,0.674827327973999,0.6752137891049945
glove100,50,15540,0.6748263765804265,0.6752137891049945
glove100,50,15560,0.6748341148706694,0.6752137891049945
glove100,50,15580,0.6748420777988443,0.6752137891049945
glove100,50,15600,0.6748344752458546,0.6752137891049945
glove100,50,15620,0.674832711183759,0.6752137891049945
